OBJEKTKEY;FIRMA;PROGRAMM;ABTEILUNG;USERNAME;STRASSE;POSTLEITZAHL;ORT;TEL FIRMA;FAX FIRMA;TEL USER;USER FUNKTION;ANZAHL MITARB;USER eMAIL;WEITERGABE;FIRMA WWW;PRG VERSION;PRG ANZ USER;PRG MODULE;PRG LIZENZ;PRG PREIS EURO;PRG WART NR;PRG WART GEBUEHR;PRG WART ART;PRG WART %SATZ;ABSCHL DAT;KUEND DAT;KDBER USERNAME;KDBER USERKENN;PRG ANZ MAN;RE FIRMA;RE ABTEILUNG;RE USERNAME;RE STRASSE;RE POSTLEITZAHL;RE ORT;BEST NR;BEST DAT;BEST NAME;RE ANZ COPIES
100000600; High school musical;ROBERT LONGFIELD;;;;;;;;;;581;;;;;1;;;0;KEINEWARTUNG;0;1;0;;;;;1;;;;;;;;;;1
100000597; Rheingraf Salm Salm;GUSTAV MAHR;;;;;;;;;;578;;;;;1;;;0;KEINEWARTUNG;0;1;0;;;;;1;;;;;;;;;;1
100000598; The Royal Duke;JEREMIAH CLARKE;;;;;;;;;;580;;;;;1;;;0;KEINEWARTUNG;0;1;0;;;;;1;;;;;;;;;;1
100000599; The Typewriter;LEROY ANDERSON;;;;;;;;;;579;;;;;1;;;0;KEINEWARTUNG;0;1;0;;;;;1;;;;;;;;;;1
100000596; Trombone Dreams;STEVE MCMILLAN;;;;;;;;;;577;;;;;1;;;0;KEINEWARTUNG;0;1;0;;;;;1;;;;;;;;;;1
100000151;20 Tune Ups;;Unbekannt;;;;;;;;;145;;;;;1;;;0;KEINEWARTUNG;0;1;0;;;;;1;;;;;;;;;;1
100000040;27 Lieder zur Weihnacht;;Unbekannt;;;;;;;;;39;;;;;1;;;0;KEINEWARTUNG;0;1;0;;;;;1;;;;;;;;;;1
100000169;A Christmas Trilogy;;Elliot Del Borgo;;;;;;;;;162;;;;;1;;;0;KEINEWARTUNG;0;1;0;;;;;1;;;;;;;;;;1
100000157;A Discovery Fantasy;;Jan de Haan;;;;;;;;;150;;;;;1;;;0;KEINEWARTUNG;0;1;0;;;;;1;;;;;;;;;;1
100000114;A Mozart Festival;;Clair Johnson;;;;;;;;;110;;;;;1;;;0;KEINEWARTUNG;0;1;0;;;;;1;;;;;;;;;;1
100000068;A Sailors Adventure;;Kees Vlak;;;;;;;;;250;;;;;1;;;0;KEINEWARTUNG;0;1;0;;;;;1;;;;;;;;;;1
100000191;A String of Pearls;;Toshio Mashima;;;;;;;;;183;;;;;1;;;0;KEINEWARTUNG;0;1;0;;;;;1;;;;;;;;;;1
100000120;A Tribute to Elvis;;Thijs Oud;;;;;;;;;115;;;;;1;;;0;KEINEWARTUNG;0;1;0;;;;;1;;;;;;;;;;1
100000269;A brigde too far;;Rieks van der Velde;;;;;;;;;261;;;;;1;;;0;KEINEWARTUNG;0;1;0;;;;;1;;;;;;;;;;1
100000386;A sunny Day;;Cathrine Walter;;;;;;;;;375;;;;;1;;;0;KEINEWARTUNG;0;1;0;;;;;1;;;;;;;;;;1
100000402;AQVA;;Marco Somadossi;;;;;;;;;390;;;;;1;;;0;KEINEWARTUNG;0;1;0;;;;;1;;;;;;;;;;1
100000078;Abba - Hits for Brass;;Kurt Sorbon;;;;;;;;;75;;;;;1;;;0;KEINEWARTUNG;0;1;0;;;;;1;;;;;;;;;;1
100000464;Abba Gold;;Ron Sebregts;;;;;;;;;446;;;;;1;;;0;KEINEWARTUNG;0;1;0;;;;;1;;;;;;;;;;1
100000371;Abschied der Gladiatoren;;Windolf;;;;;;;;;361;;;;;1;;;0;KEINEWARTUNG;0;1;0;;;;;1;;;;;;;;;;1
100000188;Acht Klankstudies;;Kenk va Lijnschooten;;;;;;;;;180;;;;;1;;;0;KEINEWARTUNG;0;1;0;;;;;1;;;;;;;;;;1
100000061;African Symphony;;Naohiro Iwai;;;;;;;;;59;;;;;1;;;0;KEINEWARTUNG;0;1;0;;;;;1;;;;;;;;;;1
100000469;After the LOve is gone;;Paul Murtha;;;;;;;;;450;;;;;1;;;0;KEINEWARTUNG;0;1;0;;;;;1;;;;;;;;;;1
100000485;Air;;Johann Sebastian Bach;;;;;;;;;466;;;;;1;;;0;KEINEWARTUNG;0;1;0;;;;;1;;;;;;;;;;1
100000093;Air Pathetique;;Robert van Beringen;;;;;;;;;90;;;;;1;;;0;KEINEWARTUNG;0;1;0;;;;;1;;;;;;;;;;1
100000312;Aladdin's Theme;;Roland Kerner;;;;;;;;;303;;;;;1;;;0;KEINEWARTUNG;0;1;0;;;;;1;;;;;;;;;;1
100000199;Alexanders Ragtime Band;;Irving Berlin;;;;;;;;;191;;;;;1;;;0;KEINEWARTUNG;0;1;0;;;;;1;;;;;;;;;;1
100000109;Alte Kameraden;;Carl Teike;;;;;;;;;105;;;;;1;;;0;KEINEWARTUNG;0;1;0;;;;;1;;;;;;;;;;1
100000030;Alte Kameraden Swing;;Carl Teike;;;;;;;;;29;;;;;1;;;0;KEINEWARTUNG;0;1;0;;;;;1;;;;;;;;;;1
100000350;Amboß-Polka;;Franz Josef Breuer;;;;;;;;;341;;;;;1;;;0;KEINEWARTUNG;0;1;0;;;;;1;;;;;;;;;;1
100000237;American Folklore;;Hans Relfel;;;;;;;;;229;;;;;1;;;0;KEINEWARTUNG;0;1;0;;;;;1;;;;;;;;;;1
100000095;American Patrol;;Scott Richards;;;;;;;;;92;;;;;1;;;0;KEINEWARTUNG;0;1;0;;;;;1;;;;;;;;;;1
100000449;An American Elegy;;Frank Tiche;;;;;;;;;431;;;;;1;;;0;KEINEWARTUNG;0;1;0;;;;;1;;;;;;;;;;1
100000533;An die Gewehre;;Joh. Brussig;;;;;;;;;512;;;;;1;;;0;KEINEWARTUNG;0;1;0;;;;;1;;;;;;;;;;1
100000270;Andulka-Marsch;;Franz Bummerl;;;;;;;;;262;;;;;1;;;0;KEINEWARTUNG;0;1;0;;;;;1;;;;;;;;;;1
100000167;Apache;;Willy Hautvast;;;;;;;;;160;;;;;1;;;0;KEINEWARTUNG;0;1;0;;;;;1;;;;;;;;;;1
100000512;Appalachian Overture;JAMES BARNES;;;;;;;;;;493;;;;;1;;;0;KEINEWARTUNG;0;1;0;;;;;1;;;;;;;;;;1
100000377;Arosa Mars;;Oscar Tschuor;;;;;;;;;366;;;;;1;;;0;KEINEWARTUNG;0;1;0;;;;;1;;;;;;;;;;1
100000400;Arsenal;;Jan van der Roost;;;;;;;;;388;;;;;1;;;0;KEINEWARTUNG;0;1;0;;;;;1;;;;;;;;;;1
100000008;Astronautenmarsch;;Ernst Mosch;;;;;;;;;8;;;;;1;;;0;KEINEWARTUNG;0;1;0;;;;;1;;;;;;;;;;1
100000069;Auf Wiedersehen und Gute Nacht;;Richard Hummel;;;;;;;;;66;;;;;1;;;0;KEINEWARTUNG;0;1;0;;;;;1;;;;;;;;;;1
100000408;Auf der Schauckel;;Franz Watz;;;;;;;;;393;;;;;1;;;0;KEINEWARTUNG;0;1;0;;;;;1;;;;;;;;;;1
100000407;Auf zum Tanz;;Franz Watz;;;;;;;;;393;;;;;1;;;0;KEINEWARTUNG;0;1;0;;;;;1;;;;;;;;;;1
100000166;Aus alter Zeit;;Hans Hartwig;;;;;;;;;159;;;;;1;;;0;KEINEWARTUNG;0;1;0;;;;;1;;;;;;;;;;1
100000590;Babz elefant walk;;Henri Mancini arr, John Edmondson;B orchester;;;;;;;;570;;;;;1;;;0;KEINEWARTUNG;0;1;0;;;;;1;;;;;;;;;;1
100000363;Badonviller Marsch;;Georg Fürst;;;;;;;;;353;;;;;1;;;0;KEINEWARTUNG;0;1;0;;;;;1;;;;;;;;;;1
100000182;Ballermann Party;;Mike Costello;;;;;;;;;174;;;;;1;;;0;KEINEWARTUNG;0;1;0;;;;;1;;;;;;;;;;1
100000223;Bandwagon March;;Eric Osterling;;;;;;;;;215;;;;;1;;;0;KEINEWARTUNG;0;1;0;;;;;1;;;;;;;;;;1
100000111;Barocco;;Robert van Beringen;;;;;;;;;107;;;;;1;;;0;KEINEWARTUNG;0;1;0;;;;;1;;;;;;;;;;1
100000413;BauAG-Marsch;;;;;;;;;;;397;;;;;1;;;0;KEINEWARTUNG;0;1;0;;;;;1;;;;;;;;;;1
100000201;Beach Boys on Stage;;John Moss;;;;;;;;;193;;;;;1;;;0;KEINEWARTUNG;0;1;0;;;;;1;;;;;;;;;;1
100000202;Beauty and the Beast;ORIGINALE VORHANDEN;Toshio Mashima;;;;;;;;;194;;;;;1;;;0;KEINEWARTUNG;0;1;0;;;;;1;;;;;;;;;;1
100000174;Bella Italia;;Hans Kolditz;;;;;;;;;167;;;;;1;;;0;KEINEWARTUNG;0;1;0;;;;;1;;;;;;;;;;1
100000006;Berliner Luft;;Paul Lincke;;;;;;;;;6;;;;;1;;;0;KEINEWARTUNG;0;1;0;;;;;1;;;;;;;;;;1
100000573;Beskydska polka;;Norbert Studnitzky;;;;;;;;;552;;;;;1;;;0;KEINEWARTUNG;0;1;0;;;;;1;;;;;;;;;;1
100000243;Besuch bei Millöcker;;Gustav Lotterer;;;;;;;;;235;;;;;1;;;0;KEINEWARTUNG;0;1;0;;;;;1;;;;;;;;;;1
100000300;Besuch bei Offenbach;;Gustav Lotterer;;;;;;;;;301;;;;;1;;;0;KEINEWARTUNG;0;1;0;;;;;1;;;;;;;;;;1
100000134;Big time Operator;;Richard Saucedo;;;;;;;;;129;;;;;1;;;0;KEINEWARTUNG;0;1;0;;;;;1;;;;;;;;;;1
100000441;Bill Ramsey;;Harald Kolasch;;;;;;;;;423;;;;;1;;;0;KEINEWARTUNG;0;1;0;;;;;1;;;;;;;;;;1
100000517;Billy Joel;ANTHONY KOSKO;;;;;;;;;;498;;;;;1;;;0;KEINEWARTUNG;0;1;0;;;;;1;;;;;;;;;;1
100000342;Bist du bei mir;;Js. Bach;;;;;;;;;333;;;;;1;;;0;KEINEWARTUNG;0;1;0;;;;;1;;;;;;;;;;1
100000540;Blumengrüße;;Franz Bummerl;;;;;;;;;519;;;;;1;;;0;KEINEWARTUNG;0;1;0;;;;;1;;;;;;;;;;1
100000382;Bläsersätze zum Gotteslob;;Bertold Hummel;;;;;;;;;371;;;;;1;;;0;KEINEWARTUNG;0;1;0;;;;;1;;;;;;;;;;1
100000359;Brautchor a. d. Oper Lohengrin;;Paul Meinhold;;;;;;;;;349;;;;;1;;;0;KEINEWARTUNG;0;1;0;;;;;1;;;;;;;;;;1
100000133;Broadway center Stage;;Paul Murtha;;;;;;;;;128;;;;;1;;;0;KEINEWARTUNG;0;1;0;;;;;1;;;;;;;;;;1
100000314;Brucker Lager-Marsch;;Hans Kolditz;;;;;;;;;305;;;;;1;;;0;KEINEWARTUNG;0;1;0;;;;;1;;;;;;;;;;1
100000568;Burgers Holiday;;Michael Edwards;;;;;;;;;547;;;;;1;;;0;KEINEWARTUNG;0;1;0;;;;;1;;;;;;;;;;1
100000549;Bye Bye Spiritual;;Luigi di Ghisallo;;;;;;;;;529;;;;;1;;;0;KEINEWARTUNG;0;1;0;;;;;1;;;;;;;;;;1
100000326;Böhmische Musikanten Polka;;Franz Bummerl;;;;;;;;;317;;;;;1;;;0;KEINEWARTUNG;0;1;0;;;;;1;;;;;;;;;;1
100000380;Böhmische Polka Perlen;;Siegfried Rundel;;;;;;;;;369;;;;;1;;;0;KEINEWARTUNG;0;1;0;;;;;1;;;;;;;;;;1
100000264;Can you feel the love tonight;;Johnnie Vinson;;;;;;;;;256;;;;;1;;;0;KEINEWARTUNG;0;1;0;;;;;1;;;;;;;;;;1
100000059;Captain Cook und seine Singenden Saxophone;;Mike Costello;;;;;;;;;57;;;;;1;;;0;KEINEWARTUNG;0;1;0;;;;;1;;;;;;;;;;1
100000556;Carlingford-Loch;;Hans Franz;;;;;;;;;535;;;;;1;;;0;KEINEWARTUNG;0;1;0;;;;;1;;;;;;;;;;1
100000060;Carmen;;James Curnow;;;;;;;;;58;;;;;1;;;0;KEINEWARTUNG;0;1;0;;;;;1;;;;;;;;;;1
100000548;Cassiopeia;;Carlos Marques;;;;;;;;;528;;;;;1;;;0;KEINEWARTUNG;0;1;0;;;;;1;;;;;;;;;;1
100000057;Castaldo;;Franz Watz;;;;;;;;;55;;;;;1;;;0;KEINEWARTUNG;0;1;0;;;;;1;;;;;;;;;;1
100000072;Cher Believe;;Host Verhey;;;;;;;;;69;;;;;1;;;0;KEINEWARTUNG;0;1;0;;;;;1;;;;;;;;;;1
100000491;Children of Sanchez;NAOHIRO IWAI;;;;;;;;;;472;;;;;1;;;0;KEINEWARTUNG;0;1;0;;;;;1;;;;;;;;;;1
100000278;Choral and Rock-out;;Ted Huggens;;;;;;;;;270;;;;;1;;;0;KEINEWARTUNG;0;1;0;;;;;1;;;;;;;;;;1
100000399;Choralia;;Bert Appermont;;;;;;;;;387;;;;;1;;;0;KEINEWARTUNG;0;1;0;;;;;1;;;;;;;;;;1
100000370;Colonel Bogey;;Kenneth J. Alford;;;;;;;;;360;;;;;1;;;0;KEINEWARTUNG;0;1;0;;;;;1;;;;;;;;;;1
100000154;Come sweet death;;Alfred Reed;;;;;;;;;147;;;;;1;;;0;KEINEWARTUNG;0;1;0;;;;;1;;;;;;;;;;1
100000184;Con Amore;;Pavel Stanek;;;;;;;;;176;;;;;1;;;0;KEINEWARTUNG;0;1;0;;;;;1;;;;;;;;;;1
100000122;Conquest of Paradise;;Ron Sebregts;;;;;;;;;117;;;;;1;;;0;KEINEWARTUNG;0;1;0;;;;;1;;;;;;;;;;1
100000161;Copacabana;;Idar Torskangerpoll;;;;;;;;;154;;;;;1;;;0;KEINEWARTUNG;0;1;0;;;;;1;;;;;;;;;;1
100000430;Csardas;;V. Monti;;;;;;;;;412;;;;;1;;;0;KEINEWARTUNG;0;1;0;;;;;1;;;;;;;;;;1
100000589;D.J.Otzi;;arr. Alex Toening;B orchester;;;;;;;;569;;;;;1;;;0;KEINEWARTUNG;0;1;0;;;;;1;;;;;;;;;;1
100000320;Dankeschön, Bert Kaempfert!;;Hans Kolditz;;;;;;;;;311;;;;;1;;;0;KEINEWARTUNG;0;1;0;;;;;1;;;;;;;;;;1
100000219;Danza Latina;;Victor Lopez;;;;;;;;;211;;;;;1;;;0;KEINEWARTUNG;0;1;0;;;;;1;;;;;;;;;;1
100000051;Darf ich bitten;;Jean Treves;;;;;;;;;49;;;;;1;;;0;KEINEWARTUNG;0;1;0;;;;;1;;;;;;;;;;1
100000575;Das Boot;;Walter Ratzek;;;;;;;;;554;;;;;1;;;0;KEINEWARTUNG;0;1;0;;;;;1;;;;;;;;;;1
100000394;Das Lummerland Lied;;Peter Züll;;;;;;;;;382;;;;;1;;;0;KEINEWARTUNG;0;1;0;;;;;1;;;;;;;;;;1
100000139;Das Mädchen von der Wolga;;Walter Tuschla;;;;;;;;;133;;;;;1;;;0;KEINEWARTUNG;0;1;0;;;;;1;;;;;;;;;;1
100000524;Das rote Pferd;;Horst Verhey;;;;;;;;;422;;;;;1;;;0;KEINEWARTUNG;0;1;0;;;;;1;;;;;;;;;;1
100000592;Deep Purpel;;R.Blackmore;Hauptorchester;;;;;;;;573;;;;;1;;;0;KEINEWARTUNG;0;1;0;;;;;1;;;;;;;;;;1
100000416;Denn einmal im Jahr ist Karneval;;Willi Ostermann;;;;;;;;;306;;;;;1;;;0;KEINEWARTUNG;0;1;0;;;;;1;;;;;;;;;;1
100000053;Denn wenn et Trömmeltje jeiht;;Bernd Classen;;;;;;;;;51;;;;;1;;;0;KEINEWARTUNG;0;1;0;;;;;1;;;;;;;;;;1
100000507;Der Anton aus Tirol;ERWIN JAHREIS;;;;;;;;;;487;;;;;1;;;0;KEINEWARTUNG;0;1;0;;;;;1;;;;;;;;;;1
100000301;Der Freischütz;;Johhannes Heisig;;;;;;;;;300;;;;;1;;;0;KEINEWARTUNG;0;1;0;;;;;1;;;;;;;;;;1
100000535;Der Jäger aus Kurpfalz;;v.G Rode;;;;;;;;;514;;;;;1;;;0;KEINEWARTUNG;0;1;0;;;;;1;;;;;;;;;;1
100000324;Der Kalif von Bagdad;;Joh. Heisig;;;;;;;;;315;;;;;1;;;0;KEINEWARTUNG;0;1;0;;;;;1;;;;;;;;;;1
100000422;Der Lieblingstrommler;;Franz Bummel;;;;;;;;;404;;;;;1;;;0;KEINEWARTUNG;0;1;0;;;;;1;;;;;;;;;;1
100000070;Der Vogelhändler;;H. Worch;;;;;;;;;67;;;;;1;;;0;KEINEWARTUNG;0;1;0;;;;;1;;;;;;;;;;1
100000097;Der fidele Bassist;;Hans Rückauer;;;;;;;;;94;;;;;1;;;0;KEINEWARTUNG;0;1;0;;;;;1;;;;;;;;;;1
100000046;Der treue Husar;;Heinrich Frantzen;;;;;;;;;45;;;;;1;;;0;KEINEWARTUNG;0;1;0;;;;;1;;;;;;;;;;1
100000331;Des großen Kurfürsten Reitermarsch;;Cuno Graf von Moltke;;;;;;;;;322;;;;;1;;;0;KEINEWARTUNG;0;1;0;;;;;1;;;;;;;;;;1
100000343;Deutschlnd - Amerika;;Josef Klein;;;;;;;;;334;;;;;1;;;0;KEINEWARTUNG;0;1;0;;;;;1;;;;;;;;;;1
100000361;Deutschmeister Regimentsmarsch;;Franz Bummerl;;;;;;;;;351;;;;;1;;;0;KEINEWARTUNG;0;1;0;;;;;1;;;;;;;;;;1
100000470;Deutschmeister Regimentsmarsch;;Josef Schuetz;;;;;;;;;451;;;;;1;;;0;KEINEWARTUNG;0;1;0;;;;;1;;;;;;;;;;1
100000564;Dialogue extreme;;Hanz Franz;;;;;;;;;543;;;;;1;;;0;KEINEWARTUNG;0;1;0;;;;;1;;;;;;;;;;1
100000532;Diana Marsch;;Joh. Brussig;;;;;;;;;511;;;;;1;;;0;KEINEWARTUNG;0;1;0;;;;;1;;;;;;;;;;1
100000027;Die Post im Walde;ORIGNALE VORHANDEN;Heinrich Schäffer;;;;;;;;;26;;;;;1;;;0;KEINEWARTUNG;0;1;0;;;;;1;;;;;;;;;;1
100000137;Die Zillertaler Schürtzenjäger;;N. Studnitzky;;;;;;;;;131;;;;;1;;;0;KEINEWARTUNG;0;1;0;;;;;1;;;;;;;;;;1
100000152;Die große Polonaise;;Vlad Kebec;;;;;;;;;488;;;;;1;;;0;KEINEWARTUNG;0;1;0;;;;;1;;;;;;;;;;1
100000014;Die tollkühnen Männer;;Roland Kreid;;;;;;;;;13;;;;;1;;;0;KEINEWARTUNG;0;1;0;;;;;1;;;;;;;;;;1
100000438;Dineke Dues;;Peter Kleine Schaars;;;;;;;;;420;;;;;1;;;0;KEINEWARTUNG;0;1;0;;;;;1;;;;;;;;;;1
100000547;Dirty Dancing;;Marcel Saurer;;;;;;;;;527;;;;;1;;;0;KEINEWARTUNG;0;1;0;;;;;1;;;;;;;;;;1
100000140;Disco Lives;;Johnnie Vinson;;;;;;;;;134;;;;;1;;;0;KEINEWARTUNG;0;1;0;;;;;1;;;;;;;;;;1
100000038;Disney Fantasy;;Naohiro Iwai;;;;;;;;;37;;;;;1;;;0;KEINEWARTUNG;0;1;0;;;;;1;;;;;;;;;;1
100000227;Dixie Parade;;Willi Löffler;;;;;;;;;219;;;;;1;;;0;KEINEWARTUNG;0;1;0;;;;;1;;;;;;;;;;1
100000146;Dixieland Revel;;Harold L. Walters;;;;;;;;;140;;;;;1;;;0;KEINEWARTUNG;0;1;0;;;;;1;;;;;;;;;;1
100000195;Dixiland Revue;;Eric Osterling;;;;;;;;;187;;;;;1;;;0;KEINEWARTUNG;0;1;0;;;;;1;;;;;;;;;;1
100000367;Donauwellen;;Hans Hartwig;;;;;;;;;357;;;;;1;;;0;KEINEWARTUNG;0;1;0;;;;;1;;;;;;;;;;1
100000252;Dorfschmied;;Georg Auer;;;;;;;;;244;;;;;1;;;0;KEINEWARTUNG;0;1;0;;;;;1;;;;;;;;;;1
100000210;Dornenvögel;;Jean Treves;;;;;;;;;202;;;;;1;;;0;KEINEWARTUNG;0;1;0;;;;;1;;;;;;;;;;1
100000388;Easy Pop Suite;;Dizzy Stratford;;;;;;;;;377;;;;;1;;;0;KEINEWARTUNG;0;1;0;;;;;1;;;;;;;;;;1
100000381;Edelweiß Polka;;G. Weinkopf;;;;;;;;;370;;;;;1;;;0;KEINEWARTUNG;0;1;0;;;;;1;;;;;;;;;;1
100000092;Edelweißmarsch;;Hannes Apfolterer;;;;;;;;;89;;;;;1;;;0;KEINEWARTUNG;0;1;0;;;;;1;;;;;;;;;;1
100000031;Egerland - Heimatland;;Josef Stepanek;;;;;;;;;30;;;;;1;;;0;KEINEWARTUNG;0;1;0;;;;;1;;;;;;;;;;1
100000035;Egerländer Musikaten Marsch;;Ernst Mosch;;;;;;;;;34;;;;;1;;;0;KEINEWARTUNG;0;1;0;;;;;1;;;;;;;;;;1
100000224;Egerländer Volksweisen 1+2;;Franz Brummerl;;;;;;;;;216;;;;;1;;;0;KEINEWARTUNG;0;1;0;;;;;1;;;;;;;;;;1
100000560;Ein Stern, der deinen Namen trägt;;Nikolaus Presnik;;;;;;;;;539;;;;;1;;;0;KEINEWARTUNG;0;1;0;;;;;1;;;;;;;;;;1
100000417;Ein Weihnachtslieder Kranz;;Hans Hofmann;;;;;;;;;294;;;;;1;;;0;KEINEWARTUNG;0;1;0;;;;;1;;;;;;;;;;1
100000173;Ein Wintermärchen;;Kurt Sorbon;;;;;;;;;166;;;;;1;;;0;KEINEWARTUNG;0;1;0;;;;;1;;;;;;;;;;1
100000329;Ein bißchen Frieden;;Hans Kolditz;;;;;;;;;320;;;;;1;;;0;KEINEWARTUNG;0;1;0;;;;;1;;;;;;;;;;1
100000187;Eine kleine Weihnachtsmusik;;Jacob de Haan;;;;;;;;;179;;;;;1;;;0;KEINEWARTUNG;0;1;0;;;;;1;;;;;;;;;;1
100000336;Einer geht noch, einer geht noch rein ... !?!;;Vlad Kabec;;;;;;;;;327;;;;;1;;;0;KEINEWARTUNG;0;1;0;;;;;1;;;;;;;;;;1
100000019;Einzugsklänge;;Heribert Raich;;;;;;;;;18;;;;;1;;;0;KEINEWARTUNG;0;1;0;;;;;1;;;;;;;;;;1
100000406;Einzugsmarsch;;Franz Watz;;;;;;;;;393;;;;;1;;;0;KEINEWARTUNG;0;1;0;;;;;1;;;;;;;;;;1
100000176;El barca;;Llano;;;;;;;;;169;;;;;1;;;0;KEINEWARTUNG;0;1;0;;;;;1;;;;;;;;;;1
100000158;Elisabeth;;Johan de Meij;;;;;;;;;151;;;;;1;;;0;KEINEWARTUNG;0;1;0;;;;;1;;;;;;;;;;1
100000003;Elten meine Heimat;ORIGNALE VORHANDEN;Host Verhey;;;;;;;;;3;;;;;1;;;0;KEINEWARTUNG;0;1;0;;;;;1;;;;;;;;;;1
100000587;Elton John in cncert;;arr. Don Campbell;B orchester;;;;;;;;568;;;;;1;;;0;KEINEWARTUNG;0;1;0;;;;;1;;;;;;;;;;1
100000465;Er gehoert zu mir;;Steve McMillen;;;;;;;;;447;;;;;1;;;0;KEINEWARTUNG;0;1;0;;;;;1;;;;;;;;;;1
100000281;Erinnerungen an Robert Stolz 1+2;;Walter Tuschla;;;;;;;;;273;;;;;1;;;0;KEINEWARTUNG;0;1;0;;;;;1;;;;;;;;;;1
100000118;Es waren zwei Königskinder;;M. Herrmann;;;;;;;;;113;;;;;1;;;0;KEINEWARTUNG;0;1;0;;;;;1;;;;;;;;;;1
100000594;Euregio;;Kurt Gäble;Haoutorchester;;;;;;;;575;;;;;1;;;0;KEINEWARTUNG;0;1;0;;;;;1;;;;;;;;;;1
100000112;Evergreen Sterne (Teil 1 & 2);;Paul Schestag;;;;;;;;;108;;;;;1;;;0;KEINEWARTUNG;0;1;0;;;;;1;;;;;;;;;;1
100000044;Everybody needs somebody;;Thijs Oud;;;;;;;;;43;;;;;1;;;0;KEINEWARTUNG;0;1;0;;;;;1;;;;;;;;;;1
100000368;Fanfare 2000;;Klees Vlak;;;;;;;;;358;;;;;1;;;0;KEINEWARTUNG;0;1;0;;;;;1;;;;;;;;;;1
100000002;Fantasie ueber Oh du fröhliche;;Otte Schwarz;;;;;;;;;2;;;;;1;;;0;KEINEWARTUNG;0;1;0;;;;;1;;;;;;;;;;1
100000282;Fascinating Drums;;Ted Huggens;;;;;;;;;274;;;;;1;;;0;KEINEWARTUNG;0;1;0;;;;;1;;;;;;;;;;1
100000529;Feliz Navidad;ORIGINALE KOMPLETT;Darrol Barry;;;;;;;;;508;;;;;1;;;0;KEINEWARTUNG;0;1;0;;;;;1;;;;;;;;;;1
100000311;Festival Tropical;;Manfred Schneider;;;;;;;;;302;;;;;1;;;0;KEINEWARTUNG;0;1;0;;;;;1;;;;;;;;;;1
100000181;Festival mit Udo Jürgens;;Hans Kolditz;;;;;;;;;173;;;;;1;;;0;KEINEWARTUNG;0;1;0;;;;;1;;;;;;;;;;1
100000421;Festmarsch (Tochter Zion);;H. Weiß;;;;;;;;;403;;;;;1;;;0;KEINEWARTUNG;0;1;0;;;;;1;;;;;;;;;;1
100000374;Festmusik;;Hans Eckardt;;;;;;;;;324;;;;;1;;;0;KEINEWARTUNG;0;1;0;;;;;1;;;;;;;;;;1
100000012;Feuert los;;Franz Bummerl;;;;;;;;;12;;;;;1;;;0;KEINEWARTUNG;0;1;0;;;;;1;;;;;;;;;;1
100000302;Feuerwerksmusik;;Edmund Loeffel;;;;;;;;;291;;;;;1;;;0;KEINEWARTUNG;0;1;0;;;;;1;;;;;;;;;;1
100000076;Fiesta Latina;;Franz Watz;;;;;;;;;73;;;;;1;;;0;KEINEWARTUNG;0;1;0;;;;;1;;;;;;;;;;1
100000194;Film-Festival;;Hans Kolitz;;;;;;;;;186;;;;;1;;;0;KEINEWARTUNG;0;1;0;;;;;1;;;;;;;;;;1
100000159;Flashdance ... What a feeling;;Jerry Nowak;;;;;;;;;152;;;;;1;;;0;KEINEWARTUNG;0;1;0;;;;;1;;;;;;;;;;1
100000358;Flieger-Marsch;;Hermann Männecke;;;;;;;;;348;;;;;1;;;0;KEINEWARTUNG;0;1;0;;;;;1;;;;;;;;;;1
100000090;Fliegermarsch (Swing);ORIGINALE VORHANDEN;Thomas R. Becker;;;;;;;;;87;;;;;1;;;0;KEINEWARTUNG;0;1;0;;;;;1;;;;;;;;;;1
100000020;Florentiner Marsch;;Rulius Fucik;;;;;;;;;19;;;;;1;;;0;KEINEWARTUNG;0;1;0;;;;;1;;;;;;;;;;1
100000268;Four Contrasts for Wind;;Trevor J. Ford;;;;;;;;;260;;;;;1;;;0;KEINEWARTUNG;0;1;0;;;;;1;;;;;;;;;;1
100000132;Frank Sinatra Hits Medley;;Naohiro Iwai;;;;;;;;;127;;;;;1;;;0;KEINEWARTUNG;0;1;0;;;;;1;;;;;;;;;;1
100000425;Frau luna;;Paul Lincke;;;;;;;;;407;;;;;1;;;0;KEINEWARTUNG;0;1;0;;;;;1;;;;;;;;;;1
100000190;Freddy Quinn;;Harald Kolasch;;;;;;;;;182;;;;;1;;;0;KEINEWARTUNG;0;1;0;;;;;1;;;;;;;;;;1
100000117;Freiheits-Chor;;Hugo Rudolph;;;;;;;;;113;;;;;1;;;0;KEINEWARTUNG;0;1;0;;;;;1;;;;;;;;;;1
100000508;Freude schoener goetterfunke;HEINZ DIETER PAUL;;;;;;;;;;475;;;;;1;;;0;KEINEWARTUNG;0;1;0;;;;;1;;;;;;;;;;1
100000550;Freunde heute feiern wir;;Walter Tuschla;;;;;;;;;530;;;;;1;;;0;KEINEWARTUNG;0;1;0;;;;;1;;;;;;;;;;1
100000189;Friede den Mensch auf Erden;;Franz Bummerl;;;;;;;;;181;;;;;1;;;0;KEINEWARTUNG;0;1;0;;;;;1;;;;;;;;;;1
100000435;Friedericus Marsch;;v. F. Radek;;;;;;;;;417;;;;;1;;;0;KEINEWARTUNG;0;1;0;;;;;1;;;;;;;;;;1
100000582;Friedericus-Rex-Marsch;;heising;;;;;;;;;561;;;;;1;;;0;KEINEWARTUNG;0;1;0;;;;;1;;;;;;;;;;1
100000580;Frohe Heimkehr;;Häusler;;;;;;;;;559;;;;;1;;;0;KEINEWARTUNG;0;1;0;;;;;1;;;;;;;;;;1
100000578;Frühlingswind;;Holger Bachmann;;;;;;;;;557;;;;;1;;;0;KEINEWARTUNG;0;1;0;;;;;1;;;;;;;;;;1
100000375;Fugato for Band;;Richard Zettler;;;;;;;;;364;;;;;1;;;0;KEINEWARTUNG;0;1;0;;;;;1;;;;;;;;;;1
100000471;Funkenmariechen Marsch;;Eric Denner;;;;;;;;;452;;;;;1;;;0;KEINEWARTUNG;0;1;0;;;;;1;;;;;;;;;;1
100000410;Gablonzer Perlen;;Frabz Bummel;;;;;;;;;394;;;;;1;;;0;KEINEWARTUNG;0;1;0;;;;;1;;;;;;;;;;1
100000026;Geburtstagsmarsch;;Ernst Mosch;;;;;;;;;25;;;;;1;;;0;KEINEWARTUNG;0;1;0;;;;;1;;;;;;;;;;1
100000335;Geburtstagsständchen;;Otto Lindemann;;;;;;;;;326;;;;;1;;;0;KEINEWARTUNG;0;1;0;;;;;1;;;;;;;;;;1
100000080;George Gershwin in Concert;ORIGINALE VORHANDEN;Carl Pfortner;;;;;;;;;77;;;;;1;;;0;KEINEWARTUNG;0;1;0;;;;;1;;;;;;;;;;1
100000450;Getaway September;;Paul Murtha;;;;;;;;;432;;;;;1;;;0;KEINEWARTUNG;0;1;0;;;;;1;;;;;;;;;;1
100000180;Give us peace;;Ted Huggens;;;;;;;;;172;;;;;1;;;0;KEINEWARTUNG;0;1;0;;;;;1;;;;;;;;;;1
100000283;Glasnost;;Dizzy Stratford;;;;;;;;;275;;;;;1;;;0;KEINEWARTUNG;0;1;0;;;;;1;;;;;;;;;;1
100000200;Glenn-Miller-Story;;Bernd Egidius;;;;;;;;;192;;;;;1;;;0;KEINEWARTUNG;0;1;0;;;;;1;;;;;;;;;;1
100000365;Globetrotter;;Wim Laseroms;;;;;;;;;355;;;;;1;;;0;KEINEWARTUNG;0;1;0;;;;;1;;;;;;;;;;1
100000172;Glory Hallelujah;;Stefan Rabe;;;;;;;;;165;;;;;1;;;0;KEINEWARTUNG;0;1;0;;;;;1;;;;;;;;;;1
100000290;Go West;;A.Kosko;;;;;;;;;282;;;;;1;;;0;KEINEWARTUNG;0;1;0;;;;;1;;;;;;;;;;1
100000412;Golden Trumpet;;Hans Gusta;;;;;;;;;396;;;;;1;;;0;KEINEWARTUNG;0;1;0;;;;;1;;;;;;;;;;1
100000099;Graf Zeppelin;;Carl Teike;;;;;;;;;96;;;;;1;;;0;KEINEWARTUNG;0;1;0;;;;;1;;;;;;;;;;1
100000081;Granada;;Kazuhiro Morita;;;;;;;;;78;;;;;1;;;0;KEINEWARTUNG;0;1;0;;;;;1;;;;;;;;;;1
100000108;Grease;;John Moss;;;;;;;;;104;;;;;1;;;0;KEINEWARTUNG;0;1;0;;;;;1;;;;;;;;;;1
100000037;Greek Folk Song;;Franco Cesarini;;;;;;;;;36;;;;;1;;;0;KEINEWARTUNG;0;1;0;;;;;1;;;;;;;;;;1
100000401;Gruß an Böhmen;;Franz Bummerl;;;;;;;;;389;;;;;1;;;0;KEINEWARTUNG;0;1;0;;;;;1;;;;;;;;;;1
100000530;Gruß an Kiel;;;;;;;;;;;509;;;;;1;;;0;KEINEWARTUNG;0;1;0;;;;;1;;;;;;;;;;1
100000150;Gruß an Würzburg;;R. Stegmann;;;;;;;;;144;;;;;1;;;0;KEINEWARTUNG;0;1;0;;;;;1;;;;;;;;;;1
100000579;Gruß sn Thüringen;;Blankenburg;;;;;;;;;558;;;;;1;;;0;KEINEWARTUNG;0;1;0;;;;;1;;;;;;;;;;1
100000344;Gräfin Mariza;;Eugen Fülling;;;;;;;;;335;;;;;1;;;0;KEINEWARTUNG;0;1;0;;;;;1;;;;;;;;;;1
100000552;Grönemeyer;;Wolfgang Wössner;;;;;;;;;532;;;;;1;;;0;KEINEWARTUNG;0;1;0;;;;;1;;;;;;;;;;1
100000561;Gute Reise Marsch;;Franz Waltz;;;;;;;;;540;;;;;1;;;0;KEINEWARTUNG;0;1;0;;;;;1;;;;;;;;;;1
100000595;Hallelujah;;Frank Bernaerts;Hauptorchetser;;;;;;;;576;;;;;1;;;0;KEINEWARTUNG;0;1;0;;;;;1;;;;;;;;;;1
100000518;Halters Lieder Marsch Buch;;Wilhelm Halte;;;;;;;;;499;;;;;1;;;0;KEINEWARTUNG;0;1;0;;;;;1;;;;;;;;;;1
100000411;Hanseatic Suite;;Jacob de Haan;;;;;;;;;395;;;;;1;;;0;KEINEWARTUNG;0;1;0;;;;;1;;;;;;;;;;1
100000233;Happy Music;;Tom Dawitt;;;;;;;;;225;;;;;1;;;0;KEINEWARTUNG;0;1;0;;;;;1;;;;;;;;;;1
100000105;Happy Music with James Last;;Vlad Kabec;;;;;;;;;101;;;;;1;;;0;KEINEWARTUNG;0;1;0;;;;;1;;;;;;;;;;1
100000472;Happy Volksmusik;;Wolfgang Lindner;;;;;;;;;453;;;;;1;;;0;KEINEWARTUNG;0;1;0;;;;;1;;;;;;;;;;1
100000555;Happy Xmas;;John Lennon, Arr Peter Kleine Schaars;;;;;;;;;534;;;;;1;;;0;KEINEWARTUNG;0;1;0;;;;;1;;;;;;;;;;1
100000480;Heal the World;;Ron Sebregts;;;;;;;;;461;;;;;1;;;0;KEINEWARTUNG;0;1;0;;;;;1;;;;;;;;;;1
100000432;Heb je even voor mij;;Klaas van der Woude;;;;;;;;;414;;;;;1;;;0;KEINEWARTUNG;0;1;0;;;;;1;;;;;;;;;;1
100000419;Heim jommer nit;;Höhner;;;;;;;;;401;;;;;1;;;0;KEINEWARTUNG;0;1;0;;;;;1;;;;;;;;;;1
100000574;Helele WM 2010;;Horst Verhey;;;;;;;;;553;;;;;1;;;0;KEINEWARTUNG;0;1;0;;;;;1;;;;;;;;;;1
100000102;Helioport;ORIGINALE VORHANDEN;G. ter Voert;;;;;;;;;98;;;;;1;;;0;KEINEWARTUNG;0;1;0;;;;;1;;;;;;;;;;1
100000310;Hello Again;;Heinz Herrmannsdoerfer;;;;;;;;;298;;;;;1;;;0;KEINEWARTUNG;0;1;0;;;;;1;;;;;;;;;;1
100000129;Herb Alpert Selection No. 1;ORIGNALE VORHANDEN;Willy Hautvast;;;;;;;;;124;;;;;1;;;0;KEINEWARTUNG;0;1;0;;;;;1;;;;;;;;;;1
100000445;Heute und MOrgen Marsch;;Hans Blank;;;;;;;;;427;;;;;1;;;0;KEINEWARTUNG;0;1;0;;;;;1;;;;;;;;;;1
100000453;Hey Pippe Langstrumpf;;Alex Toeling;;;;;;;;;435;;;;;1;;;0;KEINEWARTUNG;0;1;0;;;;;1;;;;;;;;;;1
100000528;Highland Cathedrale;ORIGINALE KOMPLETT;Siegfried Rundel;;;;;;;;;507;;;;;1;;;0;KEINEWARTUNG;0;1;0;;;;;1;;;;;;;;;;1
100000235;Highlights der Klassik;;Manfred Schneider;;;;;;;;;227;;;;;1;;;0;KEINEWARTUNG;0;1;0;;;;;1;;;;;;;;;;1
100000393;Highlights from brother bear;ORIGIANLE VORHANDEN;Paul Murtha;;;;;;;;;381;;;;;1;;;0;KEINEWARTUNG;0;1;0;;;;;1;;;;;;;;;;1
100000466;Hits der 70er;;Kurt Gaeble;;;;;;;;;448;;;;;1;;;0;KEINEWARTUNG;0;1;0;;;;;1;;;;;;;;;;1
100000043;Hoch Heidecksburg;;R. Herzea;;;;;;;;;42;;;;;1;;;0;KEINEWARTUNG;0;1;0;;;;;1;;;;;;;;;;1
100000321;Holzschuhtanz;;H. Egidius;;;;;;;;;312;;;;;1;;;0;KEINEWARTUNG;0;1;0;;;;;1;;;;;;;;;;1
100000520;Hot Latin;;John Wasson;;;;;;;;;501;;;;;1;;;0;KEINEWARTUNG;0;1;0;;;;;1;;;;;;;;;;1
100000170;Hotline;;Lex abel;;;;;;;;;163;;;;;1;;;0;KEINEWARTUNG;0;1;0;;;;;1;;;;;;;;;;1
100000586;Hurra hurra;;Arr. Erwin Jahreis;B orchester;;;;;;;;567;;;;;1;;;0;KEINEWARTUNG;0;1;0;;;;;1;;;;;;;;;;1
100000387;Hymne National Italien;;Navaro-Mol;;;;;;;;;376;;;;;1;;;0;KEINEWARTUNG;0;1;0;;;;;1;;;;;;;;;;1
100000077;I do it for you;;Ron Sebregts;;;;;;;;;74;;;;;1;;;0;KEINEWARTUNG;0;1;0;;;;;1;;;;;;;;;;1
100000217;I will follow him;;Ron Sebregts;;;;;;;;;209;;;;;1;;;0;KEINEWARTUNG;0;1;0;;;;;1;;;;;;;;;;1
100000221;I will follow him;;Michael Sweeney;;;;;;;;;213;;;;;1;;;0;KEINEWARTUNG;0;1;0;;;;;1;;;;;;;;;;1
100000186;I will survive;;Ron Sebregts;;;;;;;;;178;;;;;1;;;0;KEINEWARTUNG;0;1;0;;;;;1;;;;;;;;;;1
100000409;Im Jugendlager;;Franz Watz;;;;;;;;;393;;;;;1;;;0;KEINEWARTUNG;0;1;0;;;;;1;;;;;;;;;;1
100000288;Im Wald und auf der Heide;;Heinz Egius                        Hans Kolditz;;;;;;;;;280;;;;;1;;;0;KEINEWARTUNG;0;1;0;;;;;1;;;;;;;;;;1
100000271;Im Zauberwald;;E. Dörle;;;;;;;;;263;;;;;1;;;0;KEINEWARTUNG;0;1;0;;;;;1;;;;;;;;;;1
100000289;Im sonnigen Süden;ORIGNALE VORHANDEN;Franz Bummel;;;;;;;;;281;;;;;1;;;0;KEINEWARTUNG;0;1;0;;;;;1;;;;;;;;;;1
100000222;In Dulci Jubilo;;Ernst Majo;;;;;;;;;214;;;;;1;;;0;KEINEWARTUNG;0;1;0;;;;;1;;;;;;;;;;1
100000295;In Treue fest;;Otto Wagner;;;;;;;;;287;;;;;1;;;0;KEINEWARTUNG;0;1;0;;;;;1;;;;;;;;;;1
100000562;In die weite Welt;;;;;;;;;;;541;;;;;1;;;0;KEINEWARTUNG;0;1;0;;;;;1;;;;;;;;;;1
100000096;In the mood;;Naohiro Iwai;;;;;;;;;93;;;;;1;;;0;KEINEWARTUNG;0;1;0;;;;;1;;;;;;;;;;1
100000364;Ins Land hinaus;;Siegfried Rundel;;;;;;;;;354;;;;;1;;;0;KEINEWARTUNG;0;1;0;;;;;1;;;;;;;;;;1
100000284;Instant Concert;;Harold l. Walters;;;;;;;;;176;;;;;1;;;0;KEINEWARTUNG;0;1;0;;;;;1;;;;;;;;;;1
100000005;Introduction & modern Beat;;Dizzy Stratford;;;;;;;;;5;;;;;1;;;0;KEINEWARTUNG;0;1;0;;;;;1;;;;;;;;;;1
100000135;Invocation;;Heinz Dietersen;;;;;;;;;130;;;;;1;;;0;KEINEWARTUNG;0;1;0;;;;;1;;;;;;;;;;1
100000213;It`s Christmas;;Warren Baker;;;;;;;;;205;;;;;1;;;0;KEINEWARTUNG;0;1;0;;;;;1;;;;;;;;;;1
100000516;Its's Raining Men;SCOTT RICHARDS;;;;;;;;;;497;;;;;1;;;0;KEINEWARTUNG;0;1;0;;;;;1;;;;;;;;;;1
100000389;Ja-Da;;Johnnie Vinson;;;;;;;;;378;;;;;1;;;0;KEINEWARTUNG;0;1;0;;;;;1;;;;;;;;;;1
100000251;James Bond 007;;Johan de Mey;;;;;;;;;243;;;;;1;;;0;KEINEWARTUNG;0;1;0;;;;;1;;;;;;;;;;1
100000515;James Last Golden Hits;STEVE MAC MILLAN;;;;;;;;;;496;;;;;1;;;0;KEINEWARTUNG;0;1;0;;;;;1;;;;;;;;;;1
100000514;Jesus Christ Superstar;HENRY MANCINI;;;;;;;;;;495;;;;;1;;;0;KEINEWARTUNG;0;1;0;;;;;1;;;;;;;;;;1
100000509;Jingle Bells;ORIGIANLE VORHANDEN;G.Gazzani;;;;;;;;;489;;;;;1;;;0;KEINEWARTUNG;0;1;0;;;;;1;;;;;;;;;;1
100000481;John Williams: The Symphonic Marches;;John HIggins;;;;;;;;;462;;;;;1;;;0;KEINEWARTUNG;0;1;0;;;;;1;;;;;;;;;;1
100000100;Jubelklänge;;Ernst Uebel;;;;;;;;;96;;;;;1;;;0;KEINEWARTUNG;0;1;0;;;;;1;;;;;;;;;;1
100000136;Jubilate Deo;;Heinz Dietersen;;;;;;;;;130;;;;;1;;;0;KEINEWARTUNG;0;1;0;;;;;1;;;;;;;;;;1
100000391;Jubilee Marsch;;Roland Kreid;;;;;;;;;379;;;;;1;;;0;KEINEWARTUNG;0;1;0;;;;;1;;;;;;;;;;1
100000572;Junge Tenöre;;Peter Schad;;;;;;;;;551;;;;;1;;;0;KEINEWARTUNG;0;1;0;;;;;1;;;;;;;;;;1
100000490;Jurassic Park;;;;;;;;;;;471;;;;;1;;;0;KEINEWARTUNG;0;1;0;;;;;1;;;;;;;;;;1
100000015;Jäger Chor;;Weber;;;;;;;;;14;;;;;1;;;0;KEINEWARTUNG;0;1;0;;;;;1;;;;;;;;;;1
100000366;Jäger-Chor;;C. M. v. Webez;;;;;;;;;356;;;;;1;;;0;KEINEWARTUNG;0;1;0;;;;;1;;;;;;;;;;1
100000354;Kaiser Friedrich;;P. J. Molennaar;;;;;;;;;345;;;;;1;;;0;KEINEWARTUNG;0;1;0;;;;;1;;;;;;;;;;1
100000241;Kaiserwalzer;;Hans Hartwig;;;;;;;;;233;;;;;1;;;0;KEINEWARTUNG;0;1;0;;;;;1;;;;;;;;;;1
100000476;Karneval 2005;;;;;;;;;;;457;;;;;1;;;0;KEINEWARTUNG;0;1;0;;;;;1;;;;;;;;;;1
100000473;Karneval Parade;;Eric Denner;;;;;;;;;457;;;;;1;;;0;KEINEWARTUNG;0;1;0;;;;;1;;;;;;;;;;1
100000165;Killing me softly;;Larry Fotser;;;;;;;;;158;;;;;1;;;0;KEINEWARTUNG;0;1;0;;;;;1;;;;;;;;;;1
100000428;Klokkenfeest;;Henk van Lijnschooten;;;;;;;;;410;;;;;1;;;0;KEINEWARTUNG;0;1;0;;;;;1;;;;;;;;;;1
100000276;Klänge vom Rhein;;H. Egidius;;;;;;;;;268;;;;;1;;;0;KEINEWARTUNG;0;1;0;;;;;1;;;;;;;;;;1
100000155;Konfetti Marsch;;Xaver Lecheler;;;;;;;;;148;;;;;1;;;0;KEINEWARTUNG;0;1;0;;;;;1;;;;;;;;;;1
100000254;König Mydas;;Max Rhode;;;;;;;;;246;;;;;1;;;0;KEINEWARTUNG;0;1;0;;;;;1;;;;;;;;;;1
100000503;Langstrupmf Samba;JOHN BLANKEN;;;;;;;;;;483;;;;;1;;;0;KEINEWARTUNG;0;1;0;;;;;1;;;;;;;;;;1
100000263;Largo - aus der Oper Xerxes;;F. Hindel;;;;;;;;;255;;;;;1;;;0;KEINEWARTUNG;0;1;0;;;;;1;;;;;;;;;;1
100000323;Latin Gold;;Paul Lavender;;;;;;;;;314;;;;;1;;;0;KEINEWARTUNG;0;1;0;;;;;1;;;;;;;;;;1
100000017;Lausbuben Streiche;;Franz Watz;;;;;;;;;16;;;;;1;;;0;KEINEWARTUNG;0;1;0;;;;;1;;;;;;;;;;1
100000041;Lausitzer Marschalbum (Lieferung 1-2);;Johann Brussig;;;;;;;;;40;;;;;1;;;0;KEINEWARTUNG;0;1;0;;;;;1;;;;;;;;;;1
100000042;Lausitzer Marschalbum (Lieferung 11-12);;Johann Brussig;;;;;;;;;41;;;;;1;;;0;KEINEWARTUNG;0;1;0;;;;;1;;;;;;;;;;1
100000144;Lausitzer Marschalbum (Lieferung 3-4);;Johann Brussig;;;;;;;;;138;;;;;1;;;0;KEINEWARTUNG;0;1;0;;;;;1;;;;;;;;;;1
100000075;Leichte Finger;;Thorsten Reinau;;;;;;;;;72;;;;;1;;;0;KEINEWARTUNG;0;1;0;;;;;1;;;;;;;;;;1
100000308;Leichte Kavallerie;;F. v. Suppe;;;;;;;;;296;;;;;1;;;0;KEINEWARTUNG;0;1;0;;;;;1;;;;;;;;;;1
100000160;Lemon Tree;;Andre Waignein;;;;;;;;;153;;;;;1;;;0;KEINEWARTUNG;0;1;0;;;;;1;;;;;;;;;;1
100000577;Leningrad;;Jan van Kraeydonck;;;;;;;;;556;;;;;1;;;0;KEINEWARTUNG;0;1;0;;;;;1;;;;;;;;;;1
100000546;Les Humphries in Concert;;Kurt Gäble;;;;;;;;;526;;;;;1;;;0;KEINEWARTUNG;0;1;0;;;;;1;;;;;;;;;;1
100000504;Les Miserable;WARREN BARRER;;;;;;;;;;484;;;;;1;;;0;KEINEWARTUNG;0;1;0;;;;;1;;;;;;;;;;1
100000513;Let me entertain you;DON CAMPBELL;;;;;;;;;;494;;;;;1;;;0;KEINEWARTUNG;0;1;0;;;;;1;;;;;;;;;;1
100000319;Lights! Camera! Action!;;John Higgens;;;;;;;;;310;;;;;1;;;0;KEINEWARTUNG;0;1;0;;;;;1;;;;;;;;;;1
100000073;Lionel;;Paul Lavender;;;;;;;;;70;;;;;1;;;0;KEINEWARTUNG;0;1;0;;;;;1;;;;;;;;;;1
100000541;Live and let die;;Ray Farr;;;;;;;;;521;;;;;1;;;0;KEINEWARTUNG;0;1;0;;;;;1;;;;;;;;;;1
100000349;Livin' la Vida Loca;;John Higgins;;;;;;;;;340;;;;;1;;;0;KEINEWARTUNG;0;1;0;;;;;1;;;;;;;;;;1
100000565;Lord Tullamore;;Carl Wittrock;;;;;;;;;544;;;;;1;;;0;KEINEWARTUNG;0;1;0;;;;;1;;;;;;;;;;1
100000543;Löffelpolka;;Gerald Weinkopf;;;;;;;;;523;;;;;1;;;0;KEINEWARTUNG;0;1;0;;;;;1;;;;;;;;;;1
100000001;Macht hoch die Tür;;Jan de Haan;;;;;;;;;1;;;;;1;;;0;KEINEWARTUNG;0;1;0;;;;;1;;;;;;;;;;1
100000526;Made in Germany;;Manfred Schneider;;;;;;;;;522;;;;;1;;;0;KEINEWARTUNG;0;1;0;;;;;1;;;;;;;;;;1
100000083;Mallorca Party;;Mike Costello;;;;;;;;;80;;;;;1;;;0;KEINEWARTUNG;0;1;0;;;;;1;;;;;;;;;;1
100000334;Mama Lorraine;;Roland Kreid;;;;;;;;;325;;;;;1;;;0;KEINEWARTUNG;0;1;0;;;;;1;;;;;;;;;;1
100000024;Mambo Jambo;;Karl-heinz Bel;;;;;;;;;23;;;;;1;;;0;KEINEWARTUNG;0;1;0;;;;;1;;;;;;;;;;1
100000084;Mambo No. 5;;Stefan Rabe;;;;;;;;;81;;;;;1;;;0;KEINEWARTUNG;0;1;0;;;;;1;;;;;;;;;;1
100000149;Mancini Magic;;Jerry Brubaker;;;;;;;;;143;;;;;1;;;0;KEINEWARTUNG;0;1;0;;;;;1;;;;;;;;;;1
100000267;March;;Johan de Meij;;;;;;;;;259;;;;;1;;;0;KEINEWARTUNG;0;1;0;;;;;1;;;;;;;;;;1
100000211;March of the Herald in Swing;;Nicholls-Kokelaar;;;;;;;;;203;;;;;1;;;0;KEINEWARTUNG;0;1;0;;;;;1;;;;;;;;;;1
100000379;Mars der Medici;;Joh. Wichers;;;;;;;;;368;;;;;1;;;0;KEINEWARTUNG;0;1;0;;;;;1;;;;;;;;;;1
100000307;Marsch-Konfetti;;Xaver Lecheier;;;;;;;;;295;;;;;1;;;0;KEINEWARTUNG;0;1;0;;;;;1;;;;;;;;;;1
100000292;Marschparade mit Robet Stolz;;Franz Bummerl;;;;;;;;;284;;;;;1;;;0;KEINEWARTUNG;0;1;0;;;;;1;;;;;;;;;;1
100000340;Marta-Polka;;Siegfried Rundel;;;;;;;;;331;;;;;1;;;0;KEINEWARTUNG;0;1;0;;;;;1;;;;;;;;;;1
100000418;Mary´s Boy child;;Jester Hairston;;;;;;;;;400;;;;;1;;;0;KEINEWARTUNG;0;1;0;;;;;1;;;;;;;;;;1
100000261;Maske in Blau;;Erich Gutzeit;;;;;;;;;253;;;;;1;;;0;KEINEWARTUNG;0;1;0;;;;;1;;;;;;;;;;1
100000177;Matrimony;;Roland Kernen;;;;;;;;;170;;;;;1;;;0;KEINEWARTUNG;0;1;0;;;;;1;;;;;;;;;;1
100000192;Matrozenkoor;;Wagner van Yperen;;;;;;;;;184;;;;;1;;;0;KEINEWARTUNG;0;1;0;;;;;1;;;;;;;;;;1
100000405;Maxi / Mini;;Jan de Haan;;;;;;;;;392;;;;;1;;;0;KEINEWARTUNG;0;1;0;;;;;1;;;;;;;;;;1
100000050;Mehr losse d`r Dom in kölle;;Peter Züll;;;;;;;;;48;;;;;1;;;0;KEINEWARTUNG;0;1;0;;;;;1;;;;;;;;;;1
100000493;Mein kleiner gruener Kaktus;S. MUELLER;;;;;;;;;;274;;;;;1;;;0;KEINEWARTUNG;0;1;0;;;;;1;;;;;;;;;;1
100000553;Melodienfolge;;Franz Lehar;;;;;;;;;533;;;;;1;;;0;KEINEWARTUNG;0;1;0;;;;;1;;;;;;;;;;1
100000204;Memories in Swing;ORIGIANLE VORHANDEN;Auer-Ansbach;;;;;;;;;196;;;;;1;;;0;KEINEWARTUNG;0;1;0;;;;;1;;;;;;;;;;1
100000567;Memories of Henry Mancini;;Toshio Mashima;;;;;;;;;546;;;;;1;;;0;KEINEWARTUNG;0;1;0;;;;;1;;;;;;;;;;1
100000287;Menue a la James;ORIGINALE VORHANDEN;Rudi Seifert-Kressbronn;;;;;;;;;279;;;;;1;;;0;KEINEWARTUNG;0;1;0;;;;;1;;;;;;;;;;1
100000486;Mission Impossible Theme;;Johnnie Vinson;;;;;;;;;467;;;;;1;;;0;KEINEWARTUNG;0;1;0;;;;;1;;;;;;;;;;1
100000275;Mister Dixie;;Willi Löfler;;;;;;;;;267;;;;;1;;;0;KEINEWARTUNG;0;1;0;;;;;1;;;;;;;;;;1
100000426;Mit Hörner und Trompetenklang;;Hans Janssen;;;;;;;;;408;;;;;1;;;0;KEINEWARTUNG;0;1;0;;;;;1;;;;;;;;;;1
100000309;Mit Polkas um die Welt;;Hans Kolditz;;;;;;;;;297;;;;;1;;;0;KEINEWARTUNG;0;1;0;;;;;1;;;;;;;;;;1
100000384;Mit Sang und Klang;;Joh. Brussig;;;;;;;;;373;;;;;1;;;0;KEINEWARTUNG;0;1;0;;;;;1;;;;;;;;;;1
100000238;Moment for Morricone;;Mey;;;;;;;;;230;;;;;1;;;0;KEINEWARTUNG;0;1;0;;;;;1;;;;;;;;;;1
100000563;Moon River;;Roberto di Marino;;;;;;;;;542;;;;;1;;;0;KEINEWARTUNG;0;1;0;;;;;1;;;;;;;;;;1
100000332;Moonlight;;Calvin Custer;;;;;;;;;323;;;;;1;;;0;KEINEWARTUNG;0;1;0;;;;;1;;;;;;;;;;1
100000142;Morgens um sieben;ORIGNALE VORHANDEN;John Mortimer;;;;;;;;;136;;;;;1;;;0;KEINEWARTUNG;0;1;0;;;;;1;;;;;;;;;;1
100000482;Mount Everest;;Kees Vlak;;;;;;;;;463;;;;;1;;;0;KEINEWARTUNG;0;1;0;;;;;1;;;;;;;;;;1
100000291;Movie Spectaculares;;Frank Bernaerts;;;;;;;;;283;;;;;1;;;0;KEINEWARTUNG;0;1;0;;;;;1;;;;;;;;;;1
100000207;Muppet-Show;;Unbekannt;;;;;;;;;199;;;;;1;;;0;KEINEWARTUNG;0;1;0;;;;;1;;;;;;;;;;1
100000330;Murzel und Purzel;;Hans Löhr;;;;;;;;;321;;;;;1;;;0;KEINEWARTUNG;0;1;0;;;;;1;;;;;;;;;;1
100000045;Music;;John Miles;;;;;;;;;44;;;;;1;;;0;KEINEWARTUNG;0;1;0;;;;;1;;;;;;;;;;1
100000317;Music for a Celebration;ORIGNALE VORHANDEN;Dirk Brosse;;;;;;;;;308;;;;;1;;;0;KEINEWARTUNG;0;1;0;;;;;1;;;;;;;;;;1
100000521;Music for fun;;Kees Schoonenbeek;;;;;;;;;502;;;;;1;;;0;KEINEWARTUNG;0;1;0;;;;;1;;;;;;;;;;1
100000074;Music from Toy Story 2;;Jay Bocook;;;;;;;;;71;;;;;1;;;0;KEINEWARTUNG;0;1;0;;;;;1;;;;;;;;;;1
100000390;Musica Gloriosa;;Alfred Bösendorfer;;;;;;;;;343;;;;;1;;;0;KEINEWARTUNG;0;1;0;;;;;1;;;;;;;;;;1
100000383;Musik für feierliche Anlässe;;H. Egidius;;;;;;;;;372;;;;;1;;;0;KEINEWARTUNG;0;1;0;;;;;1;;;;;;;;;;1
100000539;Musik ist Trumpf;;Manfred Schneider;;;;;;;;;518;;;;;1;;;0;KEINEWARTUNG;0;1;0;;;;;1;;;;;;;;;;1
100000437;Muziek voor jonge Blazers;;Henk van de Lijnschooten;;;;;;;;;419;;;;;1;;;0;KEINEWARTUNG;0;1;0;;;;;1;;;;;;;;;;1
100000087;My Fair Lady;;John Moss;;;;;;;;;84;;;;;1;;;0;KEINEWARTUNG;0;1;0;;;;;1;;;;;;;;;;1
100000128;My Heart will go on;;Richard Saucedo;;;;;;;;;123;;;;;1;;;0;KEINEWARTUNG;0;1;0;;;;;1;;;;;;;;;;1
100000487;My heart will go on;;Richard Saucedo;;;;;;;;;468;;;;;1;;;0;KEINEWARTUNG;0;1;0;;;;;1;;;;;;;;;;1
100000029;Mährische Geschichten;;Jan Moravec;;;;;;;;;28;;;;;1;;;0;KEINEWARTUNG;0;1;0;;;;;1;;;;;;;;;;1
100000376;Nabucco;;Horst Verhey;;;;;;;;;365;;;;;1;;;0;KEINEWARTUNG;0;1;0;;;;;1;;;;;;;;;;1
100000351;Nachtschwärmer;;Walter Heyer;;;;;;;;;342;;;;;1;;;0;KEINEWARTUNG;0;1;0;;;;;1;;;;;;;;;;1
100000058;National Emblem;ORIGINALE VORHANDEN;Frederick Fennell;;;;;;;;;56;;;;;1;;;0;KEINEWARTUNG;0;1;0;;;;;1;;;;;;;;;;1
100000527;Nessaja;ORIGINALE KOMPLETT;Kurt Gaeble;;;;;;;;;506;;;;;1;;;0;KEINEWARTUNG;0;1;0;;;;;1;;;;;;;;;;1
100000110;New Baroque Suite;;Ted Huggens;;;;;;;;;106;;;;;1;;;0;KEINEWARTUNG;0;1;0;;;;;1;;;;;;;;;;1
100000266;Nikolaus Lieder;;viele;;;;;;;;;258;;;;;1;;;0;KEINEWARTUNG;0;1;0;;;;;1;;;;;;;;;;1
100000322;O mein Papa!;;Walter Schacht;;;;;;;;;313;;;;;1;;;0;KEINEWARTUNG;0;1;0;;;;;1;;;;;;;;;;1
100000492;Oblivion;ASTOR PIAZZOLLA;;;;;;;;;;491;;;;;1;;;0;KEINEWARTUNG;0;1;0;;;;;1;;;;;;;;;;1
100000554;Oklahoma;;Rodgers-Hammerstein;großes Orchester;;;;;;;;564;;;;;1;;;0;KEINEWARTUNG;0;1;0;;;;;1;;;;;;;;;;1
100000066;Oldies Night;ORIGINALE VORHANDEN;Manfred Schneider;;;;;;;;;63;;;;;1;;;0;KEINEWARTUNG;0;1;0;;;;;1;;;;;;;;;;1
100000451;Olympiade Marsch;;Jaroslav Labsky;;;;;;;;;433;;;;;1;;;0;KEINEWARTUNG;0;1;0;;;;;1;;;;;;;;;;1
100000452;One Hand one Heart;;David Marshall;;;;;;;;;434;;;;;1;;;0;KEINEWARTUNG;0;1;0;;;;;1;;;;;;;;;;1
100000039;One Moment in time;;John Higgins;;;;;;;;;38;;;;;1;;;0;KEINEWARTUNG;0;1;0;;;;;1;;;;;;;;;;1
100000258;Open Air Festival;;Mike Costello;;;;;;;;;65;;;;;1;;;0;KEINEWARTUNG;0;1;0;;;;;1;;;;;;;;;;1
100000298;Operettenzauber;;Hans Kolditz;;;;;;;;;289;;;;;1;;;0;KEINEWARTUNG;0;1;0;;;;;1;;;;;;;;;;1
100000296;Opernwalzer;;Hans Kolditz;;;;;;;;;288;;;;;1;;;0;KEINEWARTUNG;0;1;0;;;;;1;;;;;;;;;;1
100000094;Oregon;;Jacob de haan;;;;;;;;;91;;;;;1;;;0;KEINEWARTUNG;0;1;0;;;;;1;;;;;;;;;;1
100000280;Ouverture zu Dichter und Bauer;;Max Hempel;;;;;;;;;272;;;;;1;;;0;KEINEWARTUNG;0;1;0;;;;;1;;;;;;;;;;1
100000460;Over and Out;;R. Beck;;;;;;;;;442;;;;;1;;;0;KEINEWARTUNG;0;1;0;;;;;1;;;;;;;;;;1
100000032;Panis Angelikus;;Phillip Sparke;;;;;;;;;31;;;;;1;;;0;KEINEWARTUNG;0;1;0;;;;;1;;;;;;;;;;1
100000544;Paris Montmatre;;Toshio Mashima;;;;;;;;;524;;;;;1;;;0;KEINEWARTUNG;0;1;0;;;;;1;;;;;;;;;;1
100000228;Paul Abraham Welterfolge;;Willi Löffler;;;;;;;;;220;;;;;1;;;0;KEINEWARTUNG;0;1;0;;;;;1;;;;;;;;;;1
100000212;Pavane in Blue;;Ted Huggens;;;;;;;;;204;;;;;1;;;0;KEINEWARTUNG;0;1;0;;;;;1;;;;;;;;;;1
100000461;Peer Gynt Suite;;James Curnow;;;;;;;;;443;;;;;1;;;0;KEINEWARTUNG;0;1;0;;;;;1;;;;;;;;;;1
100000294;Per aspera ad astra;ORIGNALE VORHANDEN;M. Rhode;;;;;;;;;286;;;;;1;;;0;KEINEWARTUNG;0;1;0;;;;;1;;;;;;;;;;1
100000293;Perlen der Karibik;;Haeussler;;;;;;;;;285;;;;;1;;;0;KEINEWARTUNG;0;1;0;;;;;1;;;;;;;;;;1
100000067;Petersburger Schlittenfahrt;;Thorsten Reinau;;;;;;;;;64;;;;;1;;;0;KEINEWARTUNG;0;1;0;;;;;1;;;;;;;;;;1
100000523;Phil Collins live;WALTER RATZEK;KOMPLETT;;;;;;;;;504;;;;;1;;;0;KEINEWARTUNG;0;1;0;;;;;1;;;;;;;;;;1
100000496;Pirates of the Caribean;KLAUS BADELT;Origenale komplett;;;;;;;;;477;;;;;1;;;0;KEINEWARTUNG;0;1;0;;;;;1;;;;;;;;;;1
100000339;Pizza wundaba;;Vlad Kabec;;;;;;;;;330;;;;;1;;;0;KEINEWARTUNG;0;1;0;;;;;1;;;;;;;;;;1
100000538;Planckendael;;Randy Beck;;;;;;;;;517;;;;;1;;;0;KEINEWARTUNG;0;1;0;;;;;1;;;;;;;;;;1
100000163;Pocahontas;ORIGINALE VORHANDEN;Andre Waignein;;;;;;;;;156;;;;;1;;;0;KEINEWARTUNG;0;1;0;;;;;1;;;;;;;;;;1
100000125;Polka - Party mit Captain James;;Lothar Gottlöber;;;;;;;;;120;;;;;1;;;0;KEINEWARTUNG;0;1;0;;;;;1;;;;;;;;;;1
100000403;Polonaese Blankenese;;Werner Boehm-Thorn;;;;;;;;;391;;;;;1;;;0;KEINEWARTUNG;0;1;0;;;;;1;;;;;;;;;;1
100000345;Pomp and Circumstance;;Eric Osterling;;;;;;;;;336;;;;;1;;;0;KEINEWARTUNG;0;1;0;;;;;1;;;;;;;;;;1
100000536;Posaunenstimme Marschbuch;;;;;;;;;;;515;;;;;1;;;0;KEINEWARTUNG;0;1;0;;;;;1;;;;;;;;;;1
100000054;Praester Land;;hans Franz;;;;;;;;;52;;;;;1;;;0;KEINEWARTUNG;0;1;0;;;;;1;;;;;;;;;;1
100000198;Prager Leben;;Gerald Weinkopf;;;;;;;;;190;;;;;1;;;0;KEINEWARTUNG;0;1;0;;;;;1;;;;;;;;;;1
100000436;Preußens Gloria Marsch;;G. Piefke;;;;;;;;;418;;;;;1;;;0;KEINEWARTUNG;0;1;0;;;;;1;;;;;;;;;;1
100000021;Prister Koor;;Mozart;;;;;;;;;20;;;;;1;;;0;KEINEWARTUNG;0;1;0;;;;;1;;;;;;;;;;1
100000023;Pristermarsch;;Mozart;;;;;;;;;22;;;;;1;;;0;KEINEWARTUNG;0;1;0;;;;;1;;;;;;;;;;1
100000153;Prost Stimmung;;Norbert Studnitzky;;;;;;;;;146;;;;;1;;;0;KEINEWARTUNG;0;1;0;;;;;1;;;;;;;;;;1
100000178;Queen in Concert;;Jay Bocook;;;;;;;;;171;;;;;1;;;0;KEINEWARTUNG;0;1;0;;;;;1;;;;;;;;;;1
100000013;Radetzki Marsch;;Johann Strauß;;;;;;;;;12;;;;;1;;;0;KEINEWARTUNG;0;1;0;;;;;1;;;;;;;;;;1
100000124;Radetzky forever;;Rieks van der Velde;;;;;;;;;119;;;;;1;;;0;KEINEWARTUNG;0;1;0;;;;;1;;;;;;;;;;1
100000583;Radetzky-Marsch;;J Strauß;;;;;;;;;562;;;;;1;;;0;KEINEWARTUNG;0;1;0;;;;;1;;;;;;;;;;1
100000148;Rakoczy Marsch;;Philip Gordon;;;;;;;;;142;;;;;1;;;0;KEINEWARTUNG;0;1;0;;;;;1;;;;;;;;;;1
100000318;Rauschende Birken;;Franz Pollak;;;;;;;;;309;;;;;1;;;0;KEINEWARTUNG;0;1;0;;;;;1;;;;;;;;;;1
100000047;Regimentsgruß;;Heinrich Steinbeck;;;;;;;;;46;;;;;1;;;0;KEINEWARTUNG;0;1;0;;;;;1;;;;;;;;;;1
100000018;Regimentskinder;;Franz Watz;;;;;;;;;17;;;;;1;;;0;KEINEWARTUNG;0;1;0;;;;;1;;;;;;;;;;1
100000127;Register-Show;;Willy Lange;;;;;;;;;122;;;;;1;;;0;KEINEWARTUNG;0;1;0;;;;;1;;;;;;;;;;1
100000247;Rendezvous bei Lehar;;Hans Mielenz;;;;;;;;;239;;;;;1;;;0;KEINEWARTUNG;0;1;0;;;;;1;;;;;;;;;;1
100000360;Revue Marsch;;A. Recking;;;;;;;;;350;;;;;1;;;0;KEINEWARTUNG;0;1;0;;;;;1;;;;;;;;;;1
100000164;Rhapsody in blue;;Naohiro Iwai;;;;;;;;;157;;;;;1;;;0;KEINEWARTUNG;0;1;0;;;;;1;;;;;;;;;;1
100000483;River of the Ancients;;Michael Sweeny;;;;;;;;;464;;;;;1;;;0;KEINEWARTUNG;0;1;0;;;;;1;;;;;;;;;;1
100000545;Rock around the clock;;Norman Tailor;;;;;;;;;525;;;;;1;;;0;KEINEWARTUNG;0;1;0;;;;;1;;;;;;;;;;1
100000316;Rocking for Piccolo;;Josef Börnisch;;;;;;;;;307;;;;;1;;;0;KEINEWARTUNG;0;1;0;;;;;1;;;;;;;;;;1
100000286;Rocky Top;;unbekannt;;;;;;;;;278;;;;;1;;;0;KEINEWARTUNG;0;1;0;;;;;1;;;;;;;;;;1
100000395;Romance;;Johan de Meij;;;;;;;;;383;;;;;1;;;0;KEINEWARTUNG;0;1;0;;;;;1;;;;;;;;;;1
100000442;Ross Roy;;Jakob de Haan;;;;;;;;;424;;;;;1;;;0;KEINEWARTUNG;0;1;0;;;;;1;;;;;;;;;;1
100000185;Rossini;;Walter Tuschla;;;;;;;;;177;;;;;1;;;0;KEINEWARTUNG;0;1;0;;;;;1;;;;;;;;;;1
100000434;Rossinis Birthday Party;ORIGNALE VORHANDEN;Henk van Lijnschooten;;;;;;;;;416;;;;;1;;;0;KEINEWARTUNG;0;1;0;;;;;1;;;;;;;;;;1
100000088;Rudolph, the red nose reindeer;;Naohiro Iwai;;;;;;;;;85;;;;;1;;;0;KEINEWARTUNG;0;1;0;;;;;1;;;;;;;;;;1
100000086;Rut sin die Ruse;;Peter Züll;;;;;;;;;83;;;;;1;;;0;KEINEWARTUNG;0;1;0;;;;;1;;;;;;;;;;1
100000559;Saga Maligna;;Bert Appermont;;;;;;;;;538;;;;;1;;;0;KEINEWARTUNG;0;1;0;;;;;1;;;;;;;;;;1
100000569;Saint Triphon Marsch;;A. Ney;;;;;;;;;548;;;;;1;;;0;KEINEWARTUNG;0;1;0;;;;;1;;;;;;;;;;1
100000522;Saluto Lugano;SIEGFRIED RUNDEL;Komplett;;;;;;;;;503;;;;;1;;;0;KEINEWARTUNG;0;1;0;;;;;1;;;;;;;;;;1
100000328;Samba de Janeiro;;Andre Waignein;;;;;;;;;319;;;;;1;;;0;KEINEWARTUNG;0;1;0;;;;;1;;;;;;;;;;1
100000463;San Carlo;;Oscar Tschuor;;;;;;;;;445;;;;;1;;;0;KEINEWARTUNG;0;1;0;;;;;1;;;;;;;;;;1
100000225;Sandpaper Ballet;;Hans van der Heide;;;;;;;;;217;;;;;1;;;0;KEINEWARTUNG;0;1;0;;;;;1;;;;;;;;;;1
100000234;Satisfaction;;Peter Laine;;;;;;;;;226;;;;;1;;;0;KEINEWARTUNG;0;1;0;;;;;1;;;;;;;;;;1
100000256;Schiff ahoi  1+2;;Rudi Seifert-Kressbronn;;;;;;;;;248;;;;;1;;;0;KEINEWARTUNG;0;1;0;;;;;1;;;;;;;;;;1
100000333;Schlagerparade im Marschrhythmus;;Hans Kolditz;;;;;;;;;324;;;;;1;;;0;KEINEWARTUNG;0;1;0;;;;;1;;;;;;;;;;1
100000299;Schunkelparade;;S. Rundel;;;;;;;;;290;;;;;1;;;0;KEINEWARTUNG;0;1;0;;;;;1;;;;;;;;;;1
100000297;Schwarzwaldmaedel;;Leon Jessel;;;;;;;;;288;;;;;1;;;0;KEINEWARTUNG;0;1;0;;;;;1;;;;;;;;;;1
100000566;Schwyzer-Soldaten;;Ernst Lüthold;;;;;;;;;545;;;;;1;;;0;KEINEWARTUNG;0;1;0;;;;;1;;;;;;;;;;1
100000337;Schöne Erinnerungen;;H. Egidius;;;;;;;;;328;;;;;1;;;0;KEINEWARTUNG;0;1;0;;;;;1;;;;;;;;;;1
100000141;Schötzefess;;Bernd Classen;;;;;;;;;135;;;;;1;;;0;KEINEWARTUNG;0;1;0;;;;;1;;;;;;;;;;1
100000101;Schützenmarsch;;Text und Musik Erich Kasterke;;;;;;;;;97;;;;;1;;;0;KEINEWARTUNG;0;1;0;;;;;1;;;;;;;;;;1
100000475;Scoop;;Hans Czettel;;;;;;;;;456;;;;;1;;;0;KEINEWARTUNG;0;1;0;;;;;1;;;;;;;;;;1
100000519;Seeteufel Graf Luckner Marsch;;Walter Heyer;;;;;;;;;500;;;;;1;;;0;KEINEWARTUNG;0;1;0;;;;;1;;;;;;;;;;1
100000347;Sehnsuchtsmelodie;;Walter Scholz;;;;;;;;;338;;;;;1;;;0;KEINEWARTUNG;0;1;0;;;;;1;;;;;;;;;;1
100000303;Selections from Mama Mia;ORIGINALE VORHANDEN;Michael Brown;;;;;;;;;299;;;;;1;;;0;KEINEWARTUNG;0;1;0;;;;;1;;;;;;;;;;1
100000484;Selections from Mary Poppins;;Ted Ricketts;;;;;;;;;465;;;;;1;;;0;KEINEWARTUNG;0;1;0;;;;;1;;;;;;;;;;1
100000501;Selections fromStarlight espress;JERRY NOWAK;;;;;;;;;;482;;;;;1;;;0;KEINEWARTUNG;0;1;0;;;;;1;;;;;;;;;;1
100000203;Shrek Dance Party;;Paul Murtha;;;;;;;;;195;;;;;1;;;0;KEINEWARTUNG;0;1;0;;;;;1;;;;;;;;;;1
100000467;Sierra Madre;ORIGIANLE VORHANDEN;Horst Verhey;;;;;;;;;449;;;;;1;;;0;KEINEWARTUNG;0;1;0;;;;;1;;;;;;;;;;1
100000071;Silberfäden;;Rudi Seifert;;;;;;;;;68;;;;;1;;;0;KEINEWARTUNG;0;1;0;;;;;1;;;;;;;;;;1
100000260;Silberne Operette;;Willi Löffler;;;;;;;;;252;;;;;1;;;0;KEINEWARTUNG;0;1;0;;;;;1;;;;;;;;;;1
100000034;Simon and Garfunkel;;Paul Simon;;;;;;;;;33;;;;;1;;;0;KEINEWARTUNG;0;1;0;;;;;1;;;;;;;;;;1
100000239;Singin in the Rain;;Rieks van der Velde;;;;;;;;;231;;;;;1;;;0;KEINEWARTUNG;0;1;0;;;;;1;;;;;;;;;;1
100000196;Slawa Fantasie;;Gustav Lotterer;;;;;;;;;188;;;;;1;;;0;KEINEWARTUNG;0;1;0;;;;;1;;;;;;;;;;1
100000506;So schoen ist boehmen;FRANK PLEYER;;;;;;;;;;486;;;;;1;;;0;KEINEWARTUNG;0;1;0;;;;;1;;;;;;;;;;1
100000230;Solisten-Medley;;Hans Kolditz;;;;;;;;;222;;;;;1;;;0;KEINEWARTUNG;0;1;0;;;;;1;;;;;;;;;;1
100000362;Song and Cance;;Andre Waignein;;;;;;;;;352;;;;;1;;;0;KEINEWARTUNG;0;1;0;;;;;1;;;;;;;;;;1
100000479;Song of Praise;;Alfred Boesendorfer;;;;;;;;;460;;;;;1;;;0;KEINEWARTUNG;0;1;0;;;;;1;;;;;;;;;;1
100000273;Sousa Fravorite;;Walter Tuschla;;;;;;;;;265;;;;;1;;;0;KEINEWARTUNG;0;1;0;;;;;1;;;;;;;;;;1
100000415;South of the Rio;;J. Olivadoti;;;;;;;;;399;;;;;1;;;0;KEINEWARTUNG;0;1;0;;;;;1;;;;;;;;;;1
100000355;Souvenir de Lobith;;W. G. Derksen;;;;;;;;;346;;;;;1;;;0;KEINEWARTUNG;0;1;0;;;;;1;;;;;;;;;;1
100000542;Spirit of 69;;Kurt Gäble;;;;;;;;;520;;;;;1;;;0;KEINEWARTUNG;0;1;0;;;;;1;;;;;;;;;;1
100000244;Spiritual Moments;;Dizzy Stratford;;;;;;;;;236;;;;;1;;;0;KEINEWARTUNG;0;1;0;;;;;1;;;;;;;;;;1
100000063;Stand by me;;Andrew Watkin;;;;;;;;;60;;;;;1;;;0;KEINEWARTUNG;0;1;0;;;;;1;;;;;;;;;;1
100000346;Standschützen-Marsch;;Sepp Tanzer;;;;;;;;;337;;;;;1;;;0;KEINEWARTUNG;0;1;0;;;;;1;;;;;;;;;;1
100000126;Starparade;;Hans Kolditz;;;;;;;;;121;;;;;1;;;0;KEINEWARTUNG;0;1;0;;;;;1;;;;;;;;;;1
100000009;Stelldich ein in Oberkrain;;Siegfried Rundel;;;;;;;;;9;;;;;1;;;0;KEINEWARTUNG;0;1;0;;;;;1;;;;;;;;;;1
100000216;Sterne der heiligen Nacht;;Hans Franz;;;;;;;;;208;;;;;1;;;0;KEINEWARTUNG;0;1;0;;;;;1;;;;;;;;;;1
100000010;Stille Nacht;;Jacob de Haan;;;;;;;;;10;;;;;1;;;0;KEINEWARTUNG;0;1;0;;;;;1;;;;;;;;;;1
100000357;Stimmung, Stimmung, Stimmung, ...;;Hans Kolditz;;;;;;;;;347;;;;;1;;;0;KEINEWARTUNG;0;1;0;;;;;1;;;;;;;;;;1
100000079;Stockholm Waterfestival;;Luigi di Ghisallo;;;;;;;;;76;;;;;1;;;0;KEINEWARTUNG;0;1;0;;;;;1;;;;;;;;;;1
100000022;Storie di Tutti i Giorni;;Maurizio Fabrizio;;;;;;;;;21;;;;;1;;;0;KEINEWARTUNG;0;1;0;;;;;1;;;;;;;;;;1
100000593;Such a Happy Day;;Kurt Engelmann;Hauptorchester;;;;;;;;574;;;;;1;;;0;KEINEWARTUNG;0;1;0;;;;;1;;;;;;;;;;1
100000414;Suedlich der Alpen;;Gustav Erbs;;;;;;;;;398;;;;;1;;;0;KEINEWARTUNG;0;1;0;;;;;1;;;;;;;;;;1
100000215;Sugar Blues;;Norbert Studnitzky;;;;;;;;;207;;;;;1;;;0;KEINEWARTUNG;0;1;0;;;;;1;;;;;;;;;;1
100000433;Suite des Chevaliers;;Jacob Jansen;;;;;;;;;415;;;;;1;;;0;KEINEWARTUNG;0;1;0;;;;;1;;;;;;;;;;1
100000446;Suite for youth;;Ivo Kouwenhoven;;;;;;;;;428;;;;;1;;;0;KEINEWARTUNG;0;1;0;;;;;1;;;;;;;;;;1
100000420;Superjeilezick;;Höhner;;;;;;;;;402;;;;;1;;;0;KEINEWARTUNG;0;1;0;;;;;1;;;;;;;;;;1
100000249;Superspy;;Luigi di Ghisallo;;;;;;;;;241;;;;;1;;;0;KEINEWARTUNG;0;1;0;;;;;1;;;;;;;;;;1
100000444;Superstimmung;;Willy Maerz;;;;;;;;;426;;;;;1;;;0;KEINEWARTUNG;0;1;0;;;;;1;;;;;;;;;;1
100000052;Suttony;;Wim Laserroms;;;;;;;;;50;;;;;1;;;0;KEINEWARTUNG;0;1;0;;;;;1;;;;;;;;;;1
100000255;Swing ist Trumpf    /     Beim Rotem Licht;;Bernd Egidius;;;;;;;;;247;;;;;1;;;0;KEINEWARTUNG;0;1;0;;;;;1;;;;;;;;;;1
100000443;TV Kultabend;;Manfred Schneider;;;;;;;;;425;;;;;1;;;0;KEINEWARTUNG;0;1;0;;;;;1;;;;;;;;;;1
100000341;Take a bow;;Mike Story;;;;;;;;;332;;;;;1;;;0;KEINEWARTUNG;0;1;0;;;;;1;;;;;;;;;;1
100000091;Take me home , Country Roads;;John Sligo;;;;;;;;;88;;;;;1;;;0;KEINEWARTUNG;0;1;0;;;;;1;;;;;;;;;;1
100000162;Tangerine Dream;;Manfred Schneider;;;;;;;;;155;;;;;1;;;0;KEINEWARTUNG;0;1;0;;;;;1;;;;;;;;;;1
100000404;Tango Erinnerungen;;Jean Treves;;;;;;;;;391;;;;;1;;;0;KEINEWARTUNG;0;1;0;;;;;1;;;;;;;;;;1
100000454;Tango Surprise;;Luigi di Ghisallo;;;;;;;;;436;;;;;1;;;0;KEINEWARTUNG;0;1;0;;;;;1;;;;;;;;;;1
100000085;Tchaikovsky`s greatest Hits;;John Moss;;;;;;;;;82;;;;;1;;;0;KEINEWARTUNG;0;1;0;;;;;1;;;;;;;;;;1
100000156;The A-Team (Theme);;Willy Hautvast;;;;;;;;;149;;;;;1;;;0;KEINEWARTUNG;0;1;0;;;;;1;;;;;;;;;;1
100000206;The Beatles;;Kurt Sorbon;;;;;;;;;198;;;;;1;;;0;KEINEWARTUNG;0;1;0;;;;;1;;;;;;;;;;1
100000138;The Beatles in Concert;;Lennon;;;;;;;;;132;;;;;1;;;0;KEINEWARTUNG;0;1;0;;;;;1;;;;;;;;;;1
100000240;The Best of Beatles;;Kurt Gäble;;;;;;;;;232;;;;;1;;;0;KEINEWARTUNG;0;1;0;;;;;1;;;;;;;;;;1
100000455;The Eagles in Concert;;Ron Sebregts;;;;;;;;;437;;;;;1;;;0;KEINEWARTUNG;0;1;0;;;;;1;;;;;;;;;;1
100000489;The Floral Dance;;;;;;;;;;;470;;;;;1;;;0;KEINEWARTUNG;0;1;0;;;;;1;;;;;;;;;;1
100000456;The Gladiators;;Roy Phillippe;;;;;;;;;438;;;;;1;;;0;KEINEWARTUNG;0;1;0;;;;;1;;;;;;;;;;1
100000179;The Happy cyclist;;Ted Huggens;;;;;;;;;172;;;;;1;;;0;KEINEWARTUNG;0;1;0;;;;;1;;;;;;;;;;1
100000285;The Joker;;Conway Brown;;;;;;;;;277;;;;;1;;;0;KEINEWARTUNG;0;1;0;;;;;1;;;;;;;;;;1
100000205;The Lion King;;Calvin Custor;;;;;;;;;197;;;;;1;;;0;KEINEWARTUNG;0;1;0;;;;;1;;;;;;;;;;1
100000576;The Magic of Boney M.;;STefan Schwalgin;;;;;;;;;555;;;;;1;;;0;KEINEWARTUNG;0;1;0;;;;;1;;;;;;;;;;1
100000104;The Phantom of the Opera;;Johan de meij ( Jugend);;;;;;;;;100;;;;;1;;;0;KEINEWARTUNG;0;1;0;;;;;1;;;;;;;;;;1
100000218;The Pink Panther;;Paul Cook;;;;;;;;;210;;;;;1;;;0;KEINEWARTUNG;0;1;0;;;;;1;;;;;;;;;;1
100000168;The Rose;ORIGINALE VORHANDEN;Conny Rall;;;;;;;;;161;;;;;1;;;0;KEINEWARTUNG;0;1;0;;;;;1;;;;;;;;;;1
100000262;The Show must go on;;Larry Foster;;;;;;;;;254;;;;;1;;;0;KEINEWARTUNG;0;1;0;;;;;1;;;;;;;;;;1
100000478;The Thunderer;ORIGINALE VORHANDEN;Siegfried Rundel;;;;;;;;;459;;;;;1;;;0;KEINEWARTUNG;0;1;0;;;;;1;;;;;;;;;;1
100000571;The Wizard of Oz;;James Barnes;;;;;;;;;550;;;;;1;;;0;KEINEWARTUNG;0;1;0;;;;;1;;;;;;;;;;1
100000392;The best of ABBA;;Ferenc Aszodi;;;;;;;;;380;;;;;1;;;0;KEINEWARTUNG;0;1;0;;;;;1;;;;;;;;;;1
100000147;The bombastic Bombardon;;Edrich Siebert;;;;;;;;;141;;;;;1;;;0;KEINEWARTUNG;0;1;0;;;;;1;;;;;;;;;;1
100000082;The cream of Clapton;;Ron Sebregts;;;;;;;;;79;;;;;1;;;0;KEINEWARTUNG;0;1;0;;;;;1;;;;;;;;;;1
100000248;The final Countdown;;Ron Sebregts;;;;;;;;;240;;;;;1;;;0;KEINEWARTUNG;0;1;0;;;;;1;;;;;;;;;;1
100000131;The hunchback of notre dame;;Steve Sykes;;;;;;;;;126;;;;;1;;;0;KEINEWARTUNG;0;1;0;;;;;1;;;;;;;;;;1
100000103;The ketchup Song;;Erwin Jahreis;;;;;;;;;99;;;;;1;;;0;KEINEWARTUNG;0;1;0;;;;;1;;;;;;;;;;1
100000209;The last Farewell;;Manfred Schnelder;;;;;;;;;201;;;;;1;;;0;KEINEWARTUNG;0;1;0;;;;;1;;;;;;;;;;1
100000208;The little Drummer Boy;;Frank Pleyer;;;;;;;;;200;;;;;1;;;0;KEINEWARTUNG;0;1;0;;;;;1;;;;;;;;;;1
100000004;The second Waltz;;Andre Waignein;;;;;;;;;4;;;;;1;;;0;KEINEWARTUNG;0;1;0;;;;;1;;;;;;;;;;1
100000016;The tennessee Dance;;Tonz Jaboski;;;;;;;;;15;;;;;1;;;0;KEINEWARTUNG;0;1;0;;;;;1;;;;;;;;;;1
100000500;The winner takes it all;;;;;;;;;;;481;;;;;1;;;0;KEINEWARTUNG;0;1;0;;;;;1;;;;;;;;;;1
100000055;The woshington Post;;J.B. Susa;;;;;;;;;53;;;;;1;;;0;KEINEWARTUNG;0;1;0;;;;;1;;;;;;;;;;1
100000113;The young Amadeus;;Jan de Haan;;;;;;;;;109;;;;;1;;;0;KEINEWARTUNG;0;1;0;;;;;1;;;;;;;;;;1
100000502;The zoo ball;KEITH STRACHAN;;;;;;;;;;478;;;;;1;;;0;KEINEWARTUNG;0;1;0;;;;;1;;;;;;;;;;1
100000232;Them Basses;;G. H. Huffine;;;;;;;;;224;;;;;1;;;0;KEINEWARTUNG;0;1;0;;;;;1;;;;;;;;;;1
100000495;Theme from Beethoven'sNinth Symphonie;CLARK TYLER;Orginale komplett;;;;;;;;;476;;;;;1;;;0;KEINEWARTUNG;0;1;0;;;;;1;;;;;;;;;;1
100000429;Theme from JAG;;Paul Lavender;;;;;;;;;411;;;;;1;;;0;KEINEWARTUNG;0;1;0;;;;;1;;;;;;;;;;1
100000585;Theme from Startrek Generations;;P. Mccarthy;B Orchster;;;;;;;;566;;;;;1;;;0;KEINEWARTUNG;0;1;0;;;;;1;;;;;;;;;;1
100000220;Theme from Tom and Jerry - the Movie;;Robert W. Smith;;;;;;;;;212;;;;;1;;;0;KEINEWARTUNG;0;1;0;;;;;1;;;;;;;;;;1
100000107;Think of me;;Manfred Schneider;;;;;;;;;103;;;;;1;;;0;KEINEWARTUNG;0;1;0;;;;;1;;;;;;;;;;1
100000457;Three Bagatelles;;Andre Waignein;;;;;;;;;439;;;;;1;;;0;KEINEWARTUNG;0;1;0;;;;;1;;;;;;;;;;1
100000584;Three little pop tunes;;Dizzy Stratford;B Orchster;;;;;;;;565;;;;;1;;;0;KEINEWARTUNG;0;1;0;;;;;1;;;;;;;;;;1
100000557;Thriller;;Robert Fienga;;;;;;;;;536;;;;;1;;;0;KEINEWARTUNG;0;1;0;;;;;1;;;;;;;;;;1
100000231;Thunderbirds;;Kazuhiro Morita;;;;;;;;;223;;;;;1;;;0;KEINEWARTUNG;0;1;0;;;;;1;;;;;;;;;;1
100000011;Time to say goodbye;;Andrea Buchelly;;;;;;;;;11;;;;;1;;;0;KEINEWARTUNG;0;1;0;;;;;1;;;;;;;;;;1
100000277;Tiroler Adler;;Franz Bummerl;;;;;;;;;269;;;;;1;;;0;KEINEWARTUNG;0;1;0;;;;;1;;;;;;;;;;1
100000214;Tochter Zion;;Jan de Haan;;;;;;;;;206;;;;;1;;;0;KEINEWARTUNG;0;1;0;;;;;1;;;;;;;;;;1
100000098;Tondovi Polka;;Jaroslav Ondra;;;;;;;;;95;;;;;1;;;0;KEINEWARTUNG;0;1;0;;;;;1;;;;;;;;;;1
100000250;Top Hits for sax   /   Träumen mit dir;;Vlad Kabec;;;;;;;;;242;;;;;1;;;0;KEINEWARTUNG;0;1;0;;;;;1;;;;;;;;;;1
100000089;Total toto;;Klaas van der Woude;;;;;;;;;86;;;;;1;;;0;KEINEWARTUNG;0;1;0;;;;;1;;;;;;;;;;1
100000447;Trails of Glory;;James Swearingen;;;;;;;;;429;;;;;1;;;0;KEINEWARTUNG;0;1;0;;;;;1;;;;;;;;;;1
100000398;Transeamus Usque Bethlehem;;Norbert Studnitzky;;;;;;;;;386;;;;;1;;;0;KEINEWARTUNG;0;1;0;;;;;1;;;;;;;;;;1
100000145;Traumland Operette;;Hans Kolditz;;;;;;;;;139;;;;;1;;;0;KEINEWARTUNG;0;1;0;;;;;1;;;;;;;;;;1
100000265;Traumreise Griechenland;;Norbert Studnitzky;;;;;;;;;257;;;;;1;;;0;KEINEWARTUNG;0;1;0;;;;;1;;;;;;;;;;1
100000397;Treue;;Heibert Raich;;;;;;;;;385;;;;;1;;;0;KEINEWARTUNG;0;1;0;;;;;1;;;;;;;;;;1
100000245;Trip to Spain;;Willy Lange;;;;;;;;;237;;;;;1;;;0;KEINEWARTUNG;0;1;0;;;;;1;;;;;;;;;;1
100000056;Tristeza;;Norman tailor;;;;;;;;;54;;;;;1;;;0;KEINEWARTUNG;0;1;0;;;;;1;;;;;;;;;;1
100000115;Tritsch-Tratsch Polka;;Alfred Reed;;;;;;;;;111;;;;;1;;;0;KEINEWARTUNG;0;1;0;;;;;1;;;;;;;;;;1
100000372;Trompetengold;;Willy Lange;;;;;;;;;362;;;;;1;;;0;KEINEWARTUNG;0;1;0;;;;;1;;;;;;;;;;1
100000279;Trumpet Fiesta;;Phillips;;;;;;;;;271;;;;;1;;;0;KEINEWARTUNG;0;1;0;;;;;1;;;;;;;;;;1
100000143;Trumpetiste;;Laidlav Kubes;;;;;;;;;137;;;;;1;;;0;KEINEWARTUNG;0;1;0;;;;;1;;;;;;;;;;1
100000065;Tränen lügen nicht;;Pavel Stanek;;;;;;;;;62;;;;;1;;;0;KEINEWARTUNG;0;1;0;;;;;1;;;;;;;;;;1
100000130;Tuba Tiger Rag;;Luther Henderson;;;;;;;;;125;;;;;1;;;0;KEINEWARTUNG;0;1;0;;;;;1;;;;;;;;;;1
100000558;Tulsa;;Don Gillis;;;;;;;;;537;;;;;1;;;0;KEINEWARTUNG;0;1;0;;;;;1;;;;;;;;;;1
100000423;Twin Eagle Strut;;van Auken;;;;;;;;;405;;;;;1;;;0;KEINEWARTUNG;0;1;0;;;;;1;;;;;;;;;;1
100000123;Twins;ORIGINALE VORHANDEN;Jan Hadermann;;;;;;;;;118;;;;;1;;;0;KEINEWARTUNG;0;1;0;;;;;1;;;;;;;;;;1
100000505;Two words;TAKASHI HOSHIDE;;;;;;;;;;485;;;;;1;;;0;KEINEWARTUNG;0;1;0;;;;;1;;;;;;;;;;1
100000257;Udo Jürgens live;;Kurt Gäble;;;;;;;;;249;;;;;1;;;0;KEINEWARTUNG;0;1;0;;;;;1;;;;;;;;;;1
100000106;Under the sea;;John Moss;;;;;;;;;102;;;;;1;;;0;KEINEWARTUNG;0;1;0;;;;;1;;;;;;;;;;1
100000007;Ungarischer Tanz;;Johannes Brahms;;;;;;;;;7;;;;;1;;;0;KEINEWARTUNG;0;1;0;;;;;1;;;;;;;;;;1
100000534;Unsere Infanterie;;Joh. Brussig;;;;;;;;;513;;;;;1;;;0;KEINEWARTUNG;0;1;0;;;;;1;;;;;;;;;;1
100000272;Unter Donner und Blitz;;Karl Pfortner;;;;;;;;;264;;;;;1;;;0;KEINEWARTUNG;0;1;0;;;;;1;;;;;;;;;;1
100000028;Unter dem Doppeladler;;J. Wagner;;;;;;;;;27;;;;;1;;;0;KEINEWARTUNG;0;1;0;;;;;1;;;;;;;;;;1
100000474;Unter dem Doppeladler;;Wolfgang Lindner;;;;;;;;;455;;;;;1;;;0;KEINEWARTUNG;0;1;0;;;;;1;;;;;;;;;;1
100000427;Unter dem Grillenbanner;;W. Lindemann;;;;;;;;;409;;;;;1;;;0;KEINEWARTUNG;0;1;0;;;;;1;;;;;;;;;;1
100000353;Unter dem Sternenbanner  /    San Lorenzo-Marsch;;Hermann Männecke;;;;;;;;;344;;;;;1;;;0;KEINEWARTUNG;0;1;0;;;;;1;;;;;;;;;;1
100000175;Unter der Admiralsflagge;;Franz Bummerl;;;;;;;;;168;;;;;1;;;0;KEINEWARTUNG;0;1;0;;;;;1;;;;;;;;;;1
100000581;Unter der Dorflinde;;Franz Watz;;;;;;;;;560;;;;;1;;;0;KEINEWARTUNG;0;1;0;;;;;1;;;;;;;;;;1
100000499;Variations an a frensch folkson;HENK VAN LIJNSCHOOTEN;;;;;;;;;;480;;;;;1;;;0;KEINEWARTUNG;0;1;0;;;;;1;;;;;;;;;;1
100000468;Vater Kolping;;;;;;;;;;;469;;;;;1;;;0;KEINEWARTUNG;0;1;0;;;;;1;;;;;;;;;;1
100000488;Vater Kolping;;;;;;;;;;;469;;;;;1;;;0;KEINEWARTUNG;0;1;0;;;;;1;;;;;;;;;;1
100000226;Verdi;;Walter Tuschla;;;;;;;;;218;;;;;1;;;0;KEINEWARTUNG;0;1;0;;;;;1;;;;;;;;;;1
100000253;Verlorene Liebe;;Georg Auer;;;;;;;;;245;;;;;1;;;0;KEINEWARTUNG;0;1;0;;;;;1;;;;;;;;;;1
100000570;Viribus Unitis, Marsch;;Josef Bach;;;;;;;;;549;;;;;1;;;0;KEINEWARTUNG;0;1;0;;;;;1;;;;;;;;;;1
100000591;Viva Belcanto;;Alfred Bösendorfer;Hauptochester;;;;;;;;572;;;;;1;;;0;KEINEWARTUNG;0;1;0;;;;;1;;;;;;;;;;1
100000448;Viva Colonia;;Erwin Jahreis;;;;;;;;;430;;;;;1;;;0;KEINEWARTUNG;0;1;0;;;;;1;;;;;;;;;;1
100000048;Volare;;Norman Tailor;;;;;;;;;47;;;;;1;;;0;KEINEWARTUNG;0;1;0;;;;;1;;;;;;;;;;1
100000036;Vom Egerland zum Moldau Strand;;Siegfried Rundel;;;;;;;;;35;;;;;1;;;0;KEINEWARTUNG;0;1;0;;;;;1;;;;;;;;;;1
100000510;Waltzing with Strauss;;Walter Kalischnig;;;;;;;;;490;;;;;1;;;0;KEINEWARTUNG;0;1;0;;;;;1;;;;;;;;;;1
100000193;Walzerperlen;;Walter Tuschla;;;;;;;;;185;;;;;1;;;0;KEINEWARTUNG;0;1;0;;;;;1;;;;;;;;;;1
100000385;Walzerperlen aus Europa;;Franz Bummerl;;;;;;;;;374;;;;;1;;;0;KEINEWARTUNG;0;1;0;;;;;1;;;;;;;;;;1
100000477;Wanderlieder Potpourri;;Heinz Egidius;;;;;;;;;458;;;;;1;;;0;KEINEWARTUNG;0;1;0;;;;;1;;;;;;;;;;1
100000325;Wannabe;;Paul Murtha;;;;;;;;;316;;;;;1;;;0;KEINEWARTUNG;0;1;0;;;;;1;;;;;;;;;;1
100000274;Was euch gefällt;;H. Egidius;;;;;;;;;266;;;;;1;;;0;KEINEWARTUNG;0;1;0;;;;;1;;;;;;;;;;1
100000458;We are the Champions;;Frank Bernaerts;;;;;;;;;440;;;;;1;;;0;KEINEWARTUNG;0;1;0;;;;;1;;;;;;;;;;1
100000183;We have a dream;;Marcel Saurer;;;;;;;;;175;;;;;1;;;0;KEINEWARTUNG;0;1;0;;;;;1;;;;;;;;;;1
100000424;We will rock you;;Michael Sweeney;;;;;;;;;406;;;;;1;;;0;KEINEWARTUNG;0;1;0;;;;;1;;;;;;;;;;1
100000459;Welch ein Tag;;Frank Pleyer;;;;;;;;;441;;;;;1;;;0;KEINEWARTUNG;0;1;0;;;;;1;;;;;;;;;;1
100000373;Wer uns getraut;;Fritz Weingärtner;;;;;;;;;363;;;;;1;;;0;KEINEWARTUNG;0;1;0;;;;;1;;;;;;;;;;1
100000304;West Side Story;;L.Berndesen;;;;;;;;;292;;;;;1;;;0;KEINEWARTUNG;0;1;0;;;;;1;;;;;;;;;;1
100000064;Westernhagen on Tour;;Manfred Schneider;;;;;;;;;61;;;;;1;;;0;KEINEWARTUNG;0;1;0;;;;;1;;;;;;;;;;1
100000259;Westside Story;;Joh  F. Pala;;;;;;;;;251;;;;;1;;;0;KEINEWARTUNG;0;1;0;;;;;1;;;;;;;;;;1
100000498;What a wonderfull world;M CONNOR;;;;;;;;;;479;;;;;1;;;0;KEINEWARTUNG;0;1;0;;;;;1;;;;;;;;;;1
100000236;When I`m sixty-four;;Johannie Vinson;;;;;;;;;228;;;;;1;;;0;KEINEWARTUNG;0;1;0;;;;;1;;;;;;;;;;1
100000531;When the saints go marching in;;Hans Kolditz;;;;;;;;;510;;;;;1;;;0;KEINEWARTUNG;0;1;0;;;;;1;;;;;;;;;;1
100000327;White Christmas;;Kurt Sorbon;;;;;;;;;318;;;;;1;;;0;KEINEWARTUNG;0;1;0;;;;;1;;;;;;;;;;1
100000378;Wien bliebt Wien;;H. Egidius;;;;;;;;;367;;;;;1;;;0;KEINEWARTUNG;0;1;0;;;;;1;;;;;;;;;;1
100000356;Wiener Praterleben;;S. Translateur;;;;;;;;;347;;;;;1;;;0;KEINEWARTUNG;0;1;0;;;;;1;;;;;;;;;;1
100000369;Wilhelmus;;unbekannt;;;;;;;;;359;;;;;1;;;0;KEINEWARTUNG;0;1;0;;;;;1;;;;;;;;;;1
100000537;Winnetou /old shatterhand;;Manfred Schneider;;;;;;;;;516;;;;;1;;;0;KEINEWARTUNG;0;1;0;;;;;1;;;;;;;;;;1
100000305;Winter Wunderland;;Franz Bummerl;;;;;;;;;293;;;;;1;;;0;KEINEWARTUNG;0;1;0;;;;;1;;;;;;;;;;1
100000171;Winterwunderland;;;Franz Bummerl;;;;;;;;164;;;;;1;;;0;KEINEWARTUNG;0;1;0;;;;;1;;;;;;;;;;1
100000246;Wir hören Walter Kollo;;Hermann Worch;;;;;;;;;238;;;;;1;;;0;KEINEWARTUNG;0;1;0;;;;;1;;;;;;;;;;1
100000525;Wir sind auf Narrentour;;Horst Verhey;;;;;;;;;505;;;;;1;;;0;KEINEWARTUNG;0;1;0;;;;;1;;;;;;;;;;1
100000338;Wir sind die Champions;;Jean Treves;;;;;;;;;329;;;;;1;;;0;KEINEWARTUNG;0;1;0;;;;;1;;;;;;;;;;1
100000229;Wir tanzen Rheinländer;;unbekannt;;;;;;;;;221;;;;;1;;;0;KEINEWARTUNG;0;1;0;;;;;1;;;;;;;;;;1
100000313;Wir vom Niederrhein;;Hanz Franz;;;;;;;;;304;;;;;1;;;0;KEINEWARTUNG;0;1;0;;;;;1;;;;;;;;;;1
100000462;With a little help from my friends;;Jonnie vinson;;;;;;;;;444;;;;;1;;;0;KEINEWARTUNG;0;1;0;;;;;1;;;;;;;;;;1
100000119;Wo die Wolga fliesst;;Hans Kolditz;;;;;;;;;114;;;;;1;;;0;KEINEWARTUNG;0;1;0;;;;;1;;;;;;;;;;1
100000116;Wolfang Petry Hit-Mix;ORIGINALE VORHANDEN;Manfred schneider;;;;;;;;;112;;;;;1;;;0;KEINEWARTUNG;0;1;0;;;;;1;;;;;;;;;;1
100000396;Wonky Tonky;;Johan Evenepoel;;;;;;;;;384;;;;;1;;;0;KEINEWARTUNG;0;1;0;;;;;1;;;;;;;;;;1
100000431;Xenia Sarda;ORIGNALE VORHANDEN;Hardy Mertens;;;;;;;;;413;;;;;1;;;0;KEINEWARTUNG;0;1;0;;;;;1;;;;;;;;;;1
100000121;You are not alone;;Larry Foster;;;;;;;;;116;;;;;1;;;0;KEINEWARTUNG;0;1;0;;;;;1;;;;;;;;;;1
100000439;You'll  be in my heart;;Phill Collins;;;;;;;;;421;;;;;1;;;0;KEINEWARTUNG;0;1;0;;;;;1;;;;;;;;;;1
100000025;Zillertaler Hochzeitsmarsch;;Anzbach;;;;;;;;;24;;;;;1;;;0;KEINEWARTUNG;0;1;0;;;;;1;;;;;;;;;;1
100000588;Zum Städtle hinaus;;Georg Meissner, Bearb Harry Meissner;Hauptorchester;;;;;;;;571;;;;;1;;;0;KEINEWARTUNG;0;1;0;;;;;1;;;;;;;;;;1
100000242;Zwei Gentlemen;;R. Sifert-Kressbronn;;;;;;;;;234;;;;;1;;;0;KEINEWARTUNG;0;1;0;;;;;1;;;;;;;;;;1
100000033;Zwei Tränen;;Franz Bummerl;;;;;;;;;32;;;;;1;;;0;KEINEWARTUNG;0;1;0;;;;;1;;;;;;;;;;1
100000551;mit Pauken und Trompeten;;Walter Kollo;;;;;;;;;531;;;;;1;;;0;KEINEWARTUNG;0;1;0;;;;;1;;;;;;;;;;1
100000197;Ägyptischer Marsch;;Otto Wagner;;;;;;;;;189;;;;;1;;;0;KEINEWARTUNG;0;1;0;;;;;1;;;;;;;;;;1
100000348;Über den Wellen;;Fr. Weingärtner;;;;;;;;;339;;;;;1;;;0;KEINEWARTUNG;0;1;0;;;;;1;;;;;;;;;;1
